municipality,Population (2020)[2],Area,Brgy.,Class,Province,Column8,Column9,Column10
Bangued*,50382,105.7,476.65,31,Mun,Abra,,,
Boliney,4551,216.92,20.98,8,Mun,Abra,,,
Bucay,17953,102.16,175.73,21,Mun,Abra,,,
Bucloc,2395,63.77,37.56,4,Mun,Abra,,,
Daguioman,2019,114.37,17.65,4,Mun,Abra,,,
Danglas,4074,156.02,26.11,7,Mun,Abra,,,
Dolores,11512,47.45,242.61,15,Mun,Abra,,,
La Paz,16493,51.41,320.81,12,Mun,Abra,,,
Lacub,3612,295.3,12.23,6,Mun,Abra,,,
Lagangilang,14914,101.44,147.02,17,Mun,Abra,,,
Lagayan,4488,215.97,20.78,5,Mun,Abra,,,
Langiden,3576,116.29,30.75,6,Mun,Abra,,,
Licuan-Baay,4566,256.42,17.81,11,Mun,Abra,,,
Luba,6518,148.27,43.96,8,Mun,Abra,,,
Malibcong,4027,283.17,14.22,12,Mun,Abra,,,
Manabo,11611,110.95,104.65,11,Mun,Abra,,,
Penarrubia,6951,38.29,181.54,9,Mun,Abra,,,
Pidigan,12475,49.15,253.81,15,Mun,Abra,,,
Pilar,10146,66.1,153.49,19,Mun,Abra,,,
Sallapadan,6389,128.62,49.67,9,Mun,Abra,,,
San Isidro,4745,48.07,98.71,9,Mun,Abra,,,
San Juan,10688,64.08,166.79,19,Mun,Abra,,,
San Quintin,5705,66.59,85.67,6,Mun,Abra,,,
Tayum,14869,61.14,243.2,11,Mun,Abra,,,
Tineg,4977,744.8,6.68,10,Mun,Abra,,,
Tubo,5674,409.87,13.84,10,Mun,Abra,,,
Villaviciosa,5675,102.93,55.13,8,Mun,Abra,,,
Buenavista,68892,475.61,144.85,25,Mun,Agusan del Norte,,,
Butuan*,372910,816.62,456.65,86,HUC,Agusan del Norte,,,
Cabadbaran,80354,214.44,374.72,31,CC,Agusan del Norte,,,
Carmen,23172,311.02,74.5,8,Mun,Agusan del Norte,,,
Jabonga,24855,293,84.83,15,Mun,Agusan del Norte,,,
Kitcharao,21278,171.92,123.77,11,Mun,Agusan del Norte,,,
Las Nieves,30240,582.69,51.9,20,Mun,Agusan del Norte,,,
Magallanes,22293,44.31,503.11,8,Mun,Agusan del Norte,,,
Nasipit,44822,144.4,310.4,19,Mun,Agusan del Norte,,,
Remedios T. Romualdez,17155,79.15,216.74,8,Mun,Agusan del Norte,,,
Santiago,28657,275.61,103.98,9,Mun,Agusan del Norte,,,
Tubay,25785,138.09,186.73,13,Mun,Agusan del Norte,,,
Bayugan*,109499,688.77,158.98,43,CC,Agusan del Sur,,,
Bunawan,47512,512.16,92.77,10,Mun,Agusan del Sur,,,
Esperanza,59353,1355.48,43.79,47,Mun,Agusan del Sur,,,
La Paz,30969,1481.12,20.91,15,Mun,Agusan del Sur,,,
Loreto,43880,1462.74,30,17,Mun,Agusan del Sur,,,
Prosperidad,88321,505.15,174.84,32,Mun,Agusan del Sur,,,
Rosario,49610,385.05,128.84,11,Mun,Agusan del Sur,,,
San Francisco,80760,392.53,205.74,27,Mun,Agusan del Sur,,,
San Luis,35196,950.5,37.03,25,Mun,Agusan del Sur,,,
Santa Josefa,26432,341.8,77.33,11,Mun,Agusan del Sur,,,
Sibagat,33957,567.82,59.8,24,Mun,Agusan del Sur,,,
Talacogon,39678,405.25,97.91,16,Mun,Agusan del Sur,,,
Trento,54492,555.7,98.06,16,Mun,Agusan del Sur,,,
Veruela,39708,385.45,103.02,20,Mun,Agusan del Sur,,,
Altavas,25639,109.05,235.11,14,Mun,Aklan,,,
Balete,30090,118.93,253.01,10,Mun,Aklan,,,
Banga,40318,84.53,476.97,30,Mun,Aklan,,,
Batan,33484,79.22,422.67,20,Mun,Aklan,,,
Buruanga,19357,88.5,218.72,15,Mun,Aklan,,,
Ibajay,52364,158.9,329.54,35,Mun,Aklan,,,
Kalibo*,89127,50.75,1756.2,16,Mun,Aklan,,,
Lezo,15639,23.4,668.33,12,Mun,Aklan,,,
Libacao,28272,254.98,110.88,24,Mun,Aklan,,,
Madalag,18890,269.6,70.07,25,Mun,Aklan,,,
Makato,29717,64.6,460.02,18,Mun,Aklan,,,
Malay,60077,66.01,910.12,17,Mun,Aklan,,,
Malinao,24517,186.01,131.8,23,Mun,Aklan,,,
Nabas,40632,96.82,419.67,20,Mun,Aklan,,,
New Washington,47955,66.69,719.07,16,Mun,Aklan,,,
Numancia,35693,28.84,1237.62,17,Mun,Aklan,,,
Tangalan,23704,74.59,317.79,15,Mun,Aklan,,,
Bacacay,72485,122.13,593.51,56,Mun,Albay,,,
Camalig,72042,130.9,550.36,50,Mun,Albay,,,
Daraga,133893,118.64,1128.57,54,Mun,Albay,,,
Guinobatan,85786,244.43,350.96,44,Mun,Albay,,,
Jovellar,17795,105.4,168.83,23,Mun,Albay,,,
Legazpi*,209533,153.7,1363.26,70,CC,Albay,,,
Libon,75073,222.76,337.01,47,Mun,Albay,,,
Ligao,118096,246.75,478.61,55,CC,Albay,,,
Malilipot,40857,44.13,925.83,18,Mun,Albay,,,
Malinao,47395,107.5,440.88,29,Mun,Albay,,,
Manito,26162,107.4,243.59,15,Mun,Albay,,,
Oas,66084,263.61,250.69,53,Mun,Albay,,,
Pio Duran,49070,133.7,367.02,33,Mun,Albay,,,
Polangui,89176,145.3,613.74,44,Mun,Albay,,,
Rapu-Rapu,36151,155.3,232.78,34,Mun,Albay,,,
Santo Domingo,37765,51.22,737.31,23,Mun,Albay,,,
Tabaco,140961,117.14,1203.35,47,CC,Albay,,,
Tiwi,56444,105.76,533.7,25,Mun,Albay,,,
Anini-y,22018,66.17,332.75,23,Mun,Antique,,,
Barbaza,23359,154.36,151.33,39,Mun,Antique,,,
Belison,14129,19.78,714.31,11,Mun,Antique,,,
Bugasong,34676,203.71,170.22,27,Mun,Antique,,,
Caluya,38908,132.13,294.47,18,Mun,Antique,,,
Culasi,44494,228.56,194.67,44,Mun,Antique,,,
Hamtic,52685,113.03,466.12,47,Mun,Antique,,,
Laua-an,26580,100.72,263.9,40,Mun,Antique,,,
Libertad,17507,97,180.48,19,Mun,Antique,,,
Pandan,35965,113.98,315.54,34,Mun,Antique,,,
Patnongon,38329,167.92,228.26,36,Mun,Antique,,,
San Jose de Buenavista*,65140,48.56,1341.43,28,Mun,Antique,,,
San Remigio,34045,406.98,83.65,45,Mun,Antique,,,
Sebaste,18816,111.64,168.54,10,Mun,Antique,,,
Sibalom,63833,201.3,317.1,76,Mun,Antique,,,
Tibiao,28703,177.42,161.78,21,Mun,Antique,,,
Tobias Fornier,33816,112.12,301.61,50,Mun,Antique,,,
Valderrama,19971,273.79,72.94,22,Mun,Antique,,,
Calanasan,12550,1256.15,9.99,18,Mun,Apayao,,,
Conner*,27552,694.3,39.68,21,Mun,Apayao,,,
Flora,17944,324.4,55.31,16,Mun,Apayao,,,
Kabugao,16215,935.12,17.34,21,Mun,Apayao,,,
Luna,21297,606.04,35.14,22,Mun,Apayao,,,
Pudtol,15491,401.02,38.63,22,Mun,Apayao,,,
Santa Marcela,13317,196.32,67.83,13,Mun,Apayao,,,
Baler,43785,92.55,473.1,13,Mun,Aurora,,,
Casiguran,26564,715.43,37.13,24,Mun,Aurora,,,
Dilasag,17102,306.25,55.84,11,Mun,Aurora,,,
Dinalungan,12508,316.85,39.48,9,Mun,Aurora,,,
Dingalan,27878,304.55,91.54,11,Mun,Aurora,,,
Dipaculao,33131,361.64,91.61,25,Mun,Aurora,,,
Maria Aurora*,44958,426.19,105.49,40,Mun,Aurora,,,
San Luis,29824,623.86,47.81,18,Mun,Aurora,,,
Akbar,23098,38.76,595.92,9,Mun,Basilan,,,
Al-Barka,23736,72.58,41.82,16,Mun,Basilan,,,
Hadji Mohammad Ajul,24625,41.02,600.32,11,Mun,Basilan,,,
Hadji Muhtamad,26867,173.22,155.1,10,Mun,Basilan,,,
Isabela*,130379,223.73,582.75,45,CC,Basilan,,,
Lamitan,100150,354.45,282.55,45,CC,Basilan,,,
Lantawan,31040,405.04,76.63,25,Mun,Basilan,,,
Maluso,45730,168.46,271.46,20,Mun,Basilan,,,
Sumisip,47345,567.6,83.41,29,Mun,Basilan,,,
Tabuan-Lasa,29327,80.5,364.31,12,Mun,Basilan,,,
Tipo-Tipo,25531,49.7,513.7,11,Mun,Basilan,,,
Tuburan,24742,546,45.32,10,Mun,Basilan,,,
Ungkaya Pukan,24016,96.13,249.83,12,Mun,Basilan,,,
Abucay,42984,79.72,539.19,9,Mun,Bataan,,,
Bagac,31365,231.2,135.66,14,Mun,Bataan,,,
Balanga,104173,111.63,933.2,25,CC,Bataan,,,
Dinalupihan,118209,92.52,1277.66,46,Mun,Bataan,,,
Hermosa,77443,157,493.27,23,Mun,Bataan,,,
Limay,78272,103.6,755.52,12,Mun,Bataan,,,
Mariveles*,149879,153.9,973.87,18,Mun,Bataan,,,
Morong,35394,219.2,161.47,5,Mun,Bataan,,,
Orani,70342,64.9,1083.85,29,Mun,Bataan,,,
Orion,60771,65.41,929.08,23,Mun,Bataan,,,
Pilar,46239,37.6,1229.76,19,Mun,Bataan,,,
Samal,38302,56.3,680.32,14,Mun,Bataan,,,
Basco*,9517,49.46,192.42,6,Mun,Batanes,,,
Itbayat,3128,83.13,37.63,5,Mun,Batanes,,,
Ivana,1407,16.54,85.07,4,Mun,Batanes,,,
Mahatao,1703,12.9,132.02,4,Mun,Batanes,,,
Sabtang,1696,40.7,41.67,6,Mun,Batanes,,,
Uyugan,1380,16.28,84.77,4,Mun,Batanes,,,
Agoncillo,39101,49.96,782.65,21,Mun,Batangas,,,
Alitagtag,26819,24.76,1083.16,19,Mun,Batangas,,,
Balayan,95913,108.73,882.12,48,Mun,Batangas,,,
Balete,24055,25,962.2,13,Mun,Batangas,,,
Batangas City,351437,282.96,1242,107,CC,Batangas,,,
Bauan,90819,53.31,1703.6,40,Mun,Batangas,,,
Calaca,87361,114.58,762.45,40,CC,Batangas,,,
Calatagan,58719,112,524.28,25,Mun,Batangas,,,
Cuenca,36235,58.18,622.81,21,Mun,Batangas,,,
Ibaan,58507,68.99,848.05,26,Mun,Batangas,,,
Laurel,43210,71.29,606.12,21,Mun,Batangas,,,
Lemery,93186,109.8,848.69,46,Mun,Batangas,,,
Lian,56280,76.8,732.81,19,Mun,Batangas,,,
Lipa*,372931,209.4,1780.95,72,CC,Batangas,,,
Lobo,40736,175.03,232.74,26,Mun,Batangas,,,
Mabini,50858,44.47,1143.65,34,Mun,Batangas,,,
Malvar,64379,33,1950.88,15,Mun,Batangas,,,
Mataasnakahoy,30621,22.1,1385.57,16,Mun,Batangas,,,
Nasugbu,136524,278.51,490.19,42,Mun,Batangas,,,
Padre Garcia,51853,41.51,1249.17,18,Mun,Batangas,,,
Rosario,128352,226.88,565.73,48,Mun,Batangas,,,
San Jose,79868,53.29,1498.74,33,Mun,Batangas,,,
San Juan,114068,273.4,417.22,42,Mun,Batangas,,,
San Luis,36172,42.56,849.91,26,Mun,Batangas,,,
San Nicolas,23908,14.37,1663.74,18,Mun,Batangas,,,
San Pascual,69009,50.7,1361.12,29,Mun,Batangas,,,
Santa Teresita,21559,16.3,1322.64,17,Mun,Batangas,,,
Santo Tomas,218500,95.41,2290.12,30,CC,Batangas,,,
Taal,61460,29.76,2065.19,42,Mun,Batangas,,,
Talisay,46238,28.2,1639.65,21,Mun,Batangas,,,
Tanauan,193936,107.16,1809.78,48,CC,Batangas,,,
Taysan,40146,93.62,428.82,20,Mun,Batangas,,,
Tingloy,19215,33.07,581.04,15,Mun,Batangas,,,
Tuy,46519,94.65,491.48,22,Mun,Batangas,,,
Atok,19218,214.99,89.39,8,Mun,Benguet,,,
Baguio*,366358,57.51,6370.34,129,HUC,Benguet,,,
Bakun,14535,286.91,50.66,7,Mun,Benguet,,,
Bokod,14435,274.96,52.5,10,Mun,Benguet,,,
Buguias,44877,175.88,255.16,14,Mun,Benguet,,,
Itogon,61498,449.73,136.74,9,Mun,Benguet,,,
Kabayan,15806,242.69,65.13,13,Mun,Benguet,,,
Kapangan,19297,164.39,117.39,15,Mun,Benguet,,,
Kibungan,17051,254.86,66.9,7,Mun,Benguet,,,
La Trinidad,137404,70.04,1961.79,16,Mun,Benguet,,,
Mankayan,37233,130.48,285.35,12,Mun,Benguet,,,
Sablan,11588,105.63,109.7,8,Mun,Benguet,,,
Tuba,48312,295.97,163.23,13,Mun,Benguet,,,
Tublay,19429,102.55,189.46,8,Mun,Benguet,,,
Almeria,17954,57.46,312.46,13,Mun,Biliran,,,
Biliran,17662,70.3,251.24,11,Mun,Biliran,,,
Cabucgayan,21542,54.19,397.53,13,Mun,Biliran,,,
Caibiran,24167,83.55,289.25,17,Mun,Biliran,,,
Culaba,12972,73.42,176.68,17,Mun,Biliran,,,
Kawayan,20455,61.02,335.22,20,Mun,Biliran,,,
Maripipi,6373,27.83,229,15,Mun,Biliran,,,
Naval*,58187,108.24,537.57,26,Mun,Biliran,,,
Alburquerque,11246,26.98,416.83,11,Mun,Bohol,,,
Alicia,24374,114.5,212.87,15,Mun,Bohol,,,
Anda,17778,61.89,287.25,16,Mun,Bohol,,,
Antequera,14990,118.6,126.39,21,Mun,Bohol,,,
Baclayon,22461,34.43,652.37,17,Mun,Bohol,,,
Balilihan,18694,127.27,146.88,31,Mun,Bohol,,,
Batuan,13845,79.08,175.08,15,Mun,Bohol,,,
Bien Unido,26666,27.39,973.57,15,Mun,Bohol,,,
Bilar,18512,129.71,142.72,19,Mun,Bohol,,,
Buenavista,29711,96,309.49,35,Mun,Bohol,,,
Calape,33079,75.36,438.95,33,Mun,Bohol,,,
Candijay,30119,103.26,291.68,21,Mun,Bohol,,,
Carmen,49191,239.45,205.43,29,Mun,Bohol,,,
Catigbian,23805,113.33,210.05,22,Mun,Bohol,,,
Clarin,21158,52.12,405.95,24,Mun,Bohol,,,
Corella,9479,37.22,254.67,8,Mun,Bohol,,,
Cortes,18344,27.32,671.45,14,Mun,Bohol,,,
Dagohoy,19874,77.59,256.14,15,Mun,Bohol,,,
Danao,20245,162.76,124.39,17,Mun,Bohol,,,
Dauis,52492,43.33,1211.45,12,Mun,Bohol,,,
Dimiao,14889,135.75,109.68,35,Mun,Bohol,,,
Duero,18861,97.3,193.84,21,Mun,Bohol,,,
Garcia Hernandez,24430,127.5,191.61,30,Mun,Bohol,,,
Getafe,33422,120.5,277.36,24,Mun,Bohol,,,
Guindulman,34104,179.17,190.34,19,Mun,Bohol,,,
Inabanga,48534,125.63,386.32,50,Mun,Bohol,,,
Jagna,35832,168.49,212.67,33,Mun,Bohol,,,
Lila,12240,40.5,302.22,18,Mun,Bohol,,,
Loay,17855,48.24,370.13,24,Mun,Bohol,,,
Loboc,17418,57.65,302.13,28,Mun,Bohol,,,
Loon,44224,125.38,352.72,67,Mun,Bohol,,,
Mabini,28701,104.57,274.47,22,Mun,Bohol,,,
Maribojoc,22178,69.08,321.05,22,Mun,Bohol,,,
Panglao,39839,47.79,833.63,10,Mun,Bohol,,,
Pilar,28693,120.39,238.33,21,Mun,Bohol,,,
President Carlos P. Garcia,23625,54.82,430.96,23,Mun,Bohol,,,
Sagbayan,24335,69.61,349.59,24,Mun,Bohol,,,
San Isidro,9909,60.04,165.04,12,Mun,Bohol,,,
San Miguel,25356,123.29,205.66,18,Mun,Bohol,,,
Sevilla,11376,64.55,176.24,13,Mun,Bohol,,,
Sierra Bullones,26095,198.87,131.22,22,Mun,Bohol,,,
Sikatuna,6906,38.22,180.69,10,Mun,Bohol,,,
Tagbilaran*,104976,36.5,2876.05,15,CC,Bohol,,,
Talibon,71272,140.46,507.42,25,Mun,Bohol,,,
Trinidad,35119,195.3,179.82,20,Mun,Bohol,,,
Tubigon,47886,81.87,584.9,34,Mun,Bohol,,,
Ubay,81799,335.06,244.13,44,Mun,Bohol,,,
Valencia,28392,116.67,243.35,35,Mun,Bohol,,,
Baungon,37111,328.34,113.03,16,Mun,Bukidnon,,,
Cabanglasan,36286,243.3,149.14,15,Mun,Bukidnon,,,
Damulog,39322,244.19,161.03,17,Mun,Bukidnon,,,
Dangcagan,26076,422.69,61.69,14,Mun,Bukidnon,,,
Don Carlos,69273,213.72,324.13,29,Mun,Bukidnon,,,
Impasugong,53863,1051.17,51.24,13,Mun,Bukidnon,,,
Kadingilan,33735,171.94,196.2,17,Mun,Bukidnon,,,
Kalilangan,43711,251.43,173.85,14,Mun,Bukidnon,,,
Kibawe,41897,304.13,137.76,23,Mun,Bukidnon,,,
Kitaotao,53796,788.78,68.2,35,Mun,Bukidnon,,,
Lantapan,65974,328.35,200.93,14,Mun,Bukidnon,,,
Libona,48965,374.37,130.79,14,Mun,Bukidnon,,,
Malaybalay,190712,969.19,196.77,46,CC,Bukidnon,,,
Malitbog,26741,581.85,45.96,11,Mun,Bukidnon,,,
Manolo Fortich,113200,413.6,273.69,22,Mun,Bukidnon,,,
Maramag,108293,447.26,242.13,20,Mun,Bukidnon,,,
Pangantucan,56580,461.72,122.54,19,Mun,Bukidnon,,,
Quezon,109624,626.86,174.88,31,Mun,Bukidnon,,,
San Fernando,63045,705.06,89.42,24,Mun,Bukidnon,,,
Sumilao,29531,196.95,149.94,10,Mun,Bukidnon,,,
Talakag,77027,786.4,97.95,29,Mun,Bukidnon,,,
Valencia*,216546,587.29,368.72,31,CC,Bukidnon,,,
Angat,65617,74,886.72,16,Mun,Bulacan,,,
Balagtas,77018,28.66,2687.3,9,Mun,Bulacan,,,
Baliwag,168470,45.05,3739.62,27,CC,Bulacan,,,
Bocaue,141412,31.87,4437.15,19,Mun,Bulacan,,,
Bulakan,81232,72.9,1114.29,14,Mun,Bulacan,,,
Bustos,77199,69.99,1103,14,Mun,Bulacan,,,
Calumpit,118471,56.25,2106.15,29,Mun,Bulacan,,,
Dona Remedios Trinidad,28656,932.96,30.72,8,Mun,Bulacan,,,
Guiguinto,113415,27.5,4124.18,14,Mun,Bulacan,,,
Hagonoy,133448,103.1,1294.35,26,Mun,Bulacan,,,
Malolos,261189,67.25,3883.85,51,CC,Bulacan,,,
Marilao,254453,33.74,7541.58,16,Mun,Bulacan,,,
Meycauayan,225673,32.1,7030.31,26,CC,Bulacan,,,
Norzagaray,136064,309.77,439.24,13,Mun,Bulacan,,,
Obando,59978,52.1,1151.21,11,Mun,Bulacan,,,
Pandi,155115,31.2,4971.63,22,Mun,Bulacan,,,
Paombong,55696,46.34,1201.9,14,Mun,Bulacan,,,
Plaridel,114432,32.44,3527.5,19,Mun,Bulacan,,,
Pulilan,108836,39.89,2728.4,19,Mun,Bulacan,,,
San Ildefonso,115713,128.71,899.02,36,Mun,Bulacan,,,
San Jose del Monte*,651813,105.53,6176.57,59,CC,Bulacan,,,
San Miguel,172073,231.4,743.62,49,Mun,Bulacan,,,
San Rafael,103097,152.43,676.36,34,Mun,Bulacan,,,
Santa Maria,289820,90.92,3187.64,24,Mun,Bulacan,,,
Abulug,34579,162.6,212.66,20,Mun,Cagayan,,,
Alcala,41295,187.2,220.59,25,Mun,Cagayan,,,
Allacapan,35234,306.8,114.84,27,Mun,Cagayan,,,
Amulung,50336,242.2,207.83,47,Mun,Cagayan,,,
Aparri,68839,286.64,240.16,42,Mun,Cagayan,,,
Baggao,87753,920.6,95.32,48,Mun,Cagayan,,,
Ballesteros,34488,120,287.4,19,Mun,Cagayan,,,
Buguey,32148,164.5,195.43,30,Mun,Cagayan,,,
Calayan,17410,164.5,105.84,12,Mun,Cagayan,,,
Camalaniugan,25236,76.5,329.88,28,Mun,Cagayan,,,
Claveria,31900,194.8,163.76,41,Mun,Cagayan,,,
Enrile,36705,184.5,198.94,22,Mun,Cagayan,,,
Gattaran,58874,707.5,83.21,50,Mun,Cagayan,,,
Gonzaga,41680,567.43,73.45,25,Mun,Cagayan,,,
Iguig,30060,108.1,278.08,23,Mun,Cagayan,,,
Lal-lo,48733,702.8,69.34,35,Mun,Cagayan,,,
Lasam,41225,213.7,192.91,30,Mun,Cagayan,,,
Pamplona,24781,173.3,142.99,18,Mun,Cagayan,,,
Penablanca,50300,1193.2,42.16,24,Mun,Cagayan,,,
Piat,24805,139.6,177.69,18,Mun,Cagayan,,,
Rizal,19077,124.4,153.35,29,Mun,Cagayan,,,
Sanchez-Mira,26164,198.8,131.61,18,Mun,Cagayan,,,
Santa Ana,35688,441.3,80.87,16,Mun,Cagayan,,,
Santa Praxedes,4434,109.97,40.32,10,Mun,Cagayan,,,
Santa Teresita,19573,166.98,117.22,13,Mun,Cagayan,,,
Santo Nino,28537,512.9,55.64,31,Mun,Cagayan,,,
Solana,88445,234.6,377,38,Mun,Cagayan,,,
Tuao,63970,215.5,296.84,32,Mun,Cagayan,,,
Tuguegarao*,166334,144.8,1148.72,49,CC,Cagayan,,,
Basud,45133,260.28,173.4,29,Mun,Camarines Norte,,,
Capalonga,36223,290,124.91,22,Mun,Camarines Norte,,,
Daet*,111700,46,2428.26,25,Mun,Camarines Norte,,,
Jose Panganiban,63662,214.44,296.88,27,Mun,Camarines Norte,,,
Labo,109245,589.36,185.36,52,Mun,Camarines Norte,,,
Mercedes,55334,173.69,318.58,26,Mun,Camarines Norte,,,
Paracale,60198,197.9,304.18,27,Mun,Camarines Norte,,,
San Lorenzo Ruiz,15757,119.37,132,12,Mun,Camarines Norte,,,
San Vicente,12579,57.49,218.8,9,Mun,Camarines Norte,,,
Santa Elena,43582,199.35,218.62,19,Mun,Camarines Norte,,,
Talisay,27244,30.76,885.7,15,Mun,Camarines Norte,,,
Vinzons,49042,141.43,346.76,19,Mun,Camarines Norte,,,
Baao,61493,106.63,576.7,30,Mun,Camarines Sur,,,
Balatan,30669,93.09,329.46,17,Mun,Camarines Sur,,,
Bato,52155,107.12,486.88,33,Mun,Camarines Sur,,,
Bombon,17995,28.73,626.35,8,Mun,Camarines Sur,,,
Buhi,81306,246.65,329.64,38,Mun,Camarines Sur,,,
Bula,73143,167.64,436.31,33,Mun,Camarines Sur,,,
Cabusao,19257,46.8,411.47,9,Mun,Camarines Sur,,,
Calabanga,88906,163.8,542.77,48,Mun,Camarines Sur,,,
Camaligan,25036,4.68,5349.57,13,Mun,Camarines Sur,,,
Canaman,36205,43.27,836.72,24,Mun,Camarines Sur,,,
Caramoan,51728,276,187.42,49,Mun,Camarines Sur,,,
Del Gallego,26403,208.31,126.75,32,Mun,Camarines Sur,,,
Gainza,11584,14.75,785.36,8,Mun,Camarines Sur,,,
Garchitorena,29436,243.8,120.74,23,Mun,Camarines Sur,,,
Goa,71368,206.18,346.14,34,Mun,Camarines Sur,,,
Iriga,114457,137.35,833.32,36,CC,Camarines Sur,,,
Lagonoy,56714,377.9,150.08,38,Mun,Camarines Sur,,,
Libmanan,112994,342.82,329.6,75,Mun,Camarines Sur,,,
Lupi,33897,199.12,170.23,38,Mun,Camarines Sur,,,
Magarao,26742,44.97,594.66,15,Mun,Camarines Sur,,,
Milaor,33963,33.64,1009.6,20,Mun,Camarines Sur,,,
Minalabac,53981,126.1,428.08,25,Mun,Camarines Sur,,,
Nabua,86490,96.2,899.06,42,Mun,Camarines Sur,,,
Naga*,209170,84.48,2475.97,27,ICC,Camarines Sur,,,
Ocampo,51073,118.33,431.61,25,Mun,Camarines Sur,,,
Pamplona,39333,80.6,488,17,Mun,Camarines Sur,,,
Pasacao,53461,149.54,357.5,19,Mun,Camarines Sur,,,
Pili,99196,126.25,785.71,26,Mun,Camarines Sur,,,
Presentacion,22591,143.8,157.1,18,Mun,Camarines Sur,,,
Ragay,59770,400.22,149.34,38,Mun,Camarines Sur,,,
Sagnay,36841,154.76,238.05,19,Mun,Camarines Sur,,,
San Fernando,38626,71.76,538.27,22,Mun,Camarines Sur,,,
San Jose,43973,43.07,1020.97,29,Mun,Camarines Sur,,,
Sipocot,68169,243.43,280.04,46,Mun,Camarines Sur,,,
Siruma,19419,141.27,137.46,22,Mun,Camarines Sur,,,
Tigaon,60524,72.35,836.54,23,Mun,Camarines Sur,,,
Tinambac,70176,351.62,199.58,44,Mun,Camarines Sur,,,
Catarman,17569,53.75,326.87,14,Mun,Camiguin,,,
Guinsiliban,6685,18.52,360.96,7,Mun,Camiguin,,,
Mahinog,14634,32.55,449.59,13,Mun,Camiguin,,,
Mambajao*,41094,89,461.73,15,Mun,Camiguin,,,
Sagay,12826,44.13,290.64,9,Mun,Camiguin,,,
Cuartero,27993,106.58,262.65,22,Mun,Capiz,,,
Dao,33842,88.64,381.79,20,Mun,Capiz,,,
Dumalag,30098,109.18,275.67,19,Mun,Capiz,,,
Dumarao,49506,232.56,212.87,33,Mun,Capiz,,,
Ivisan,31278,54.2,577.08,15,Mun,Capiz,,,
Jamindan,38670,412.03,93.85,30,Mun,Capiz,,,
Ma-ayon,41226,142.32,289.67,32,Mun,Capiz,,,
Mambusao,40690,136.91,297.2,26,Mun,Capiz,,,
Panay,48890,116.37,420.13,42,Mun,Capiz,,,
Panitan,42565,89.88,473.58,26,Mun,Capiz,,,
Pilar,47100,77.99,603.92,24,Mun,Capiz,,,
Pontevedra,49725,130.9,379.87,26,Mun,Capiz,,,
President Roxas,31269,77.88,401.5,22,Mun,Capiz,,,
Roxas*,179292,95.07,1885.89,47,CC,Capiz,,,
Sapian,26697,105.24,253.68,10,Mun,Capiz,,,
Sigma,31688,101.71,311.55,21,Mun,Capiz,,,
Tapaz,54423,517.18,105.23,58,Mun,Capiz,,,
Bagamanoc,11086,80.74,137.3,18,Mun,Catanduanes,,,
Baras,13484,109.5,123.14,29,Mun,Catanduanes,,,
Bato,21748,48.62,447.31,27,Mun,Catanduanes,,,
Caramoran,32114,263.74,121.76,27,Mun,Catanduanes,,,
Gigmoto,8712,181.82,47.92,9,Mun,Catanduanes,,,
Pandan,21473,119.9,179.09,26,Mun,Catanduanes,,,
Panganiban,9713,79.96,121.47,23,Mun,Catanduanes,,,
San Andres,38480,167.31,229.99,38,Mun,Catanduanes,,,
San Miguel,15680,129.94,120.67,24,Mun,Catanduanes,,,
Viga,22869,158.23,144.53,31,Mun,Catanduanes,,,
Virac*,76520,152.4,502.1,63,Mun,Catanduanes,,,
Alfonso,59306,66.58,890.75,32,Mun,Cavite,,,
Amadeo,41901,36.92,1134.91,26,Mun,Cavite,,,
Bacoor,664625,46.17,14395.17,47,CC,Cavite,,,
Carmona,106256,29.68,3580.05,14,CC,Cavite,,,
Cavite City,100674,10.89,9244.63,84,CC,Cavite,,,
Dasmarinas*,703141,90.13,7801.41,75,CC,Cavite,,,
General Emilio Aguinaldo,23973,42.13,569.02,14,Mun,Cavite,,,
General Mariano Alvarez,172433,9.4,18343.94,27,Mun,Cavite,,,
General Trias,450583,90.01,5005.92,33,CC,Cavite,,,
Imus,496794,53.15,9347.02,97,CC,Cavite,,,
Indang,68699,74.9,917.21,36,Mun,Cavite,,,
Kawit,107535,25.15,4275.75,23,Mun,Cavite,,,
Magallanes,23851,73.07,326.41,16,Mun,Cavite,,,
Maragondon,40687,164.61,247.17,27,Mun,Cavite,,,
Mendez,34879,43.27,806.08,24,Mun,Cavite,,,
Naic,160987,75.81,2123.56,30,Mun,Cavite,,,
Noveleta,49452,16.43,3009.86,16,Mun,Cavite,,,
Rosario,110807,7.61,14560.71,20,Mun,Cavite,,,
Silang,295644,209.43,1411.66,64,Mun,Cavite,,,
Tagaytay,85330,65,1312.77,34,CC,Cavite,,,
Tanza,312116,78.33,3984.63,41,Mun,Cavite,,,
Ternate,24653,59.93,411.36,10,Mun,Cavite,,,
Trece Martires,210503,39.1,5383.71,13,CC,Cavite,,,
Alcantara,16910,35.2,480.4,9,Mun,Cebu,,,
Alcoy,19186,61.63,311.31,8,Mun,Cebu,,,
Alegria,25620,89.49,286.29,9,Mun,Cebu,,,
Aloguinsan,34466,61.92,556.62,15,Mun,Cebu,,,
Argao,78187,191.5,408.29,45,Mun,Cebu,,,
Asturias,55397,190.45,290.87,27,Mun,Cebu,,,
Badian,43735,110.07,397.34,29,Mun,Cebu,,,
Balamban,95136,333.56,285.21,28,Mun,Cebu,,,
Bantayan,86247,81.68,1055.91,25,Mun,Cebu,,,
Barili,80715,122.21,660.46,42,Mun,Cebu,,,
Bogo,88867,103.52,858.45,29,CC,Cebu,,,
Boljoon,17525,117,149.79,11,Mun,Cebu,,,
Borbon,38187,120.94,315.75,19,Mun,Cebu,,,
Carcar,136453,116.78,1168.46,15,CC,Cebu,,,
Carmen,57897,84.78,682.91,21,Mun,Cebu,,,
Catmon,33745,109.64,307.78,20,Mun,Cebu,,,
Cebu City*,964169,315,3060.85,80,HUC,Cebu,,,
Compostela,55874,53.9,1036.62,17,Mun,Cebu,,,
Consolacion,148012,37.03,3997.08,21,Mun,Cebu,,,
Cordova,70595,17.15,4116.33,13,Mun,Cebu,,,
Daanbantayan,93502,92.27,1013.35,20,Mun,Cebu,,,
Dalaguete,74596,154.96,481.39,33,Mun,Cebu,,,
Danao,156321,107.3,1456.86,42,CC,Cebu,,,
Dumanjug,57823,85.53,676.06,37,Mun,Cebu,,,
Ginatilan,16906,70.1,241.17,14,Mun,Cebu,,,
Lapu-Lapu,497604,58.1,8564.61,30,HUC,Cebu,,,
Liloan,153197,45.92,3336.17,14,Mun,Cebu,,,
Madridejos,42039,23.95,1755.28,14,Mun,Cebu,,,
Malabuyoc,19770,69.27,285.4,14,Mun,Cebu,,,
Mandaue,364116,34.87,10442.1,27,HUC,Cebu,,,
Medellin,59605,73.19,814.39,19,Mun,Cebu,,,
Minglanilla,151002,65.6,2301.86,19,Mun,Cebu,,,
Moalboal,36930,124.86,295.77,15,Mun,Cebu,,,
Naga,133184,101.97,1306.11,28,CC,Cebu,,,
Oslob,29264,134.75,217.17,21,Mun,Cebu,,,
Pilar,12506,32.42,385.75,13,Mun,Cebu,,,
Pinamungajan,75131,109.16,688.26,26,Mun,Cebu,,,
Poro,26232,63.59,412.52,17,Mun,Cebu,,,
Ronda,21005,57.1,367.86,14,Mun,Cebu,,,
Samboan,20373,45.16,451.13,15,Mun,Cebu,,,
San Fernando,72224,69.39,1040.84,21,Mun,Cebu,,,
San Francisco,59236,106.93,553.97,15,Mun,Cebu,,,
San Remigio,65744,95.27,690.08,27,Mun,Cebu,,,
Santa Fe,34471,28.05,1228.91,10,Mun,Cebu,,,
Santander,18527,35.67,519.4,10,Mun,Cebu,,,
Sibonga,53424,133.45,400.33,25,Mun,Cebu,,,
Sogod,39447,119.23,330.85,18,Mun,Cebu,,,
Tabogon,41432,101.35,408.8,25,Mun,Cebu,,,
Tabuelan,28907,141.13,204.83,12,Mun,Cebu,,,
Talisay,263048,39.87,6597.64,22,CC,Cebu,,,
Toledo,207314,216.28,958.54,38,CC,Cebu,,,
Tuburan,68167,224.5,303.64,54,Mun,Cebu,,,
Tudela,11304,33.02,342.34,11,Mun,Cebu,,,
Alamada,68659,787.5,87.19,17,Mun,Cotabato,,,
Aleosan,36892,225.44,186.05,19,Mun,Cotabato,,,
Antipas,26817,552.5,48.54,13,Mun,Cotabato,,,
Arakan,50558,693.22,72.93,28,Mun,Cotabato,,,
Banisilan,46995,577.22,81.42,20,Mun,Cotabato,,,
Carmen,79140,1110.43,96.9,28,Mun,Cotabato,,,
Kabacan,77164,448.09,209.38,24,Mun,Cotabato,,,
Kadayangan,25573,41.6,614.73,7,Mun,Cotabato,,,
Kapalawan,28643,180.62,158.58,7,Mun,Cotabato,,,
Kidapawan*,160791,358.47,448.55,40,CC,Cotabato,,,
Libungan,56269,172.5,326.2,20,Mun,Cotabato,,,
Ligawasan,29748,111.6,266.55,7,Mun,Cotabato,,,
M'lang,98195,312.13,310,37,Mun,Cotabato,,,
Magpet,52800,755.36,70,32,Mun,Cotabato,,,
Makilala,87927,343.57,260,38,Mun,Cotabato,,,
Malidegao,36438,115.45,315.61,7,Mun,Cotabato,,,
Matalam,81355,476,170,34,Mun,Cotabato,,,
Midsayap,117365,290.42,569.44,57,Mun,Cotabato,,,
Nabalawag,28239,86.05,328.16,7,Mun,Cotabato,,,
Old Kaabakan,16658,117.17,142.16,7,Mun,Cotabato,,,
Pahamuddin,19627,50.13,391.52,12,Mun,Cotabato,,,
Pigcawayan,52744,340.11,212.79,40,Mun,Cotabato,,,
Pikit,67024,604.61,272.32,42,Mun,Cotabato,,,
President Roxas,52512,618.25,84.94,25,Mun,Cotabato,,,
Tugunan,30651,102.6,298.74,9,Mun,Cotabato,,,
Tulunan,60978,343.08,177.74,29,Mun,Cotabato,,,
Compostela,89884,287,313.18,16,Mun,Davao de Oro,,,
Laak,79744,768,103.83,40,Mun,Davao de Oro,,,
Mabini,43552,400,108.88,11,Mun,Davao de Oro,,,
Maco,83237,342.23,243.22,37,Mun,Davao de Oro,,,
Maragusan,64412,394.27,163.37,24,Mun,Davao de Oro,,,
Mawab,39631,136.1,291.19,11,Mun,Davao de Oro,,,
Monkayo*,93937,609.61,154.09,21,Mun,Davao de Oro,,,
Montevista,46558,225,206.92,20,Mun,Davao de Oro,,,
Nabunturan,84340,231.3,364.63,28,Mun,Davao de Oro,,,
New Bataan,51466,553.15,93.04,16,Mun,Davao de Oro,,,
Pantukan,90786,533.11,170.3,13,Mun,Davao de Oro,,,
Asuncion,61893,297.39,208.12,20,Mun,Davao del Norte,,,
Braulio E. Dujali,35729,91,392.63,5,Mun,Davao del Norte,,,
Carmen,82018,166,494.08,20,Mun,Davao del Norte,,,
Kapalong,81068,830.01,97.67,14,Mun,Davao del Norte,,,
New Corella,57913,263.12,220.1,20,Mun,Davao del Norte,,,
Panabo,209230,251.23,832.82,40,CC,Davao del Norte,,,
Samal,116771,301.3,387.56,46,CC,Davao del Norte,,,
San Isidro,27233,152.49,178.59,13,Mun,Davao del Norte,,,
Santo Tomas,128667,221.8,580.1,19,Mun,Davao del Norte,,,
Tagum*,296202,195.8,1512.78,23,CC,Davao del Norte,,,
Talaingod,28333,656.83,43.14,3,Mun,Davao del Norte,,,
Bansalan,62737,157.75,397.7,25,Mun,Davao del Sur,,,
Davao City*,1776949,2443.61,727.18,182,HUC,Davao del Sur,,,
Digos,188376,287.1,656.13,26,CC,Davao del Sur,,,
Hagonoy,56919,114.28,498.07,21,Mun,Davao del Sur,,,
Kiblawan,49381,390.07,126.6,30,Mun,Davao del Sur,,,
Magsaysay,56263,268.09,209.87,22,Mun,Davao del Sur,,,
Malalag,40158,186.12,215.76,15,Mun,Davao del Sur,,,
Matanao,60493,202.4,298.88,33,Mun,Davao del Sur,,,
Padada,29878,83,359.98,17,Mun,Davao del Sur,,,
Santa Cruz,101125,319.91,316.1,18,Mun,Davao del Sur,,,
Sulop,35151,155.26,226.4,25,Mun,Davao del Sur,,,
Don Marcelino,45540,407.3,111.81,15,Mun,Davao Occidental,,,
Jose Abad Santos,73381,600.06,122.29,26,Mun,Davao Occidental,,,
Malita*,118197,883.37,133.8,30,Mun,Davao Occidental,,,
Santa Maria,57526,175,328.72,22,Mun,Davao Occidental,,,
Sarangani,22515,97.72,230.4,12,Mun,Davao Occidental,,,
Baganga,58714,945.5,62.1,18,Mun,Davao Oriental,,,
Banaybanay,44451,408.52,108.81,14,Mun,Davao Oriental,,,
Boston,14618,357.03,40.94,8,Mun,Davao Oriental,,,
Caraga,39704,642.7,61.78,17,Mun,Davao Oriental,,,
Cateel,44207,545.56,81.03,16,Mun,Davao Oriental,,,
Governor Generoso,59891,365.75,163.75,20,Mun,Davao Oriental,,,
Lupon,66979,886.39,75.56,21,Mun,Davao Oriental,,,
Manay,39572,418.36,94.59,17,Mun,Davao Oriental,,,
Mati*,147547,588.63,250.66,26,CC,Davao Oriental,,,
San Isidro,33664,220.44,152.71,16,Mun,Davao Oriental,,,
Tarragona,26996,300.76,89.76,10,Mun,Davao Oriental,,,
Basilisa*,36911,92.68,398.26,27,Mun,Dinagat Islands,,,
Cagdianao,18350,249.48,73.55,14,Mun,Dinagat Islands,,,
Dinagat,10621,139.94,75.9,12,Mun,Dinagat Islands,,,
Libjo,18051,180.57,99.97,16,Mun,Dinagat Islands,,,
Loreto,9690,255.87,37.87,10,Mun,Dinagat Islands,,,
San Jose,26375,27.8,948.74,12,Mun,Dinagat Islands,,,
Tubajon,8119,90,90.21,9,Mun,Dinagat Islands,,,
Arteche,16360,169.82,96.34,20,Mun,Eastern Samar,,,
Balangiga,14341,190.05,75.46,13,Mun,Eastern Samar,,,
Balangkayan,10185,207.05,49.19,15,Mun,Eastern Samar,,,
Borongan*,71961,475,151.5,61,CC,Eastern Samar,,,
Can-avid,21682,288.7,75.1,28,Mun,Eastern Samar,,,
Dolores,44626,308.58,144.62,46,Mun,Eastern Samar,,,
General MacArthur,14411,117.29,122.87,30,Mun,Eastern Samar,,,
Giporlos,13117,97.51,134.52,18,Mun,Eastern Samar,,,
Guiuan,53361,175.49,304.07,60,Mun,Eastern Samar,,,
Hernani,8531,49.42,172.62,13,Mun,Eastern Samar,,,
Jipapad,8439,234.8,35.94,13,Mun,Eastern Samar,,,
Lawaan,13003,162.56,79.99,16,Mun,Eastern Samar,,,
Llorente,21459,496.07,43.26,33,Mun,Eastern Samar,,,
Maslog,5463,249.8,21.87,12,Mun,Eastern Samar,,,
Maydolong,15314,399.63,38.32,20,Mun,Eastern Samar,,,
Mercedes,6112,23.32,262.09,16,Mun,Eastern Samar,,,
Oras,37451,188.7,198.47,42,Mun,Eastern Samar,,,
Quinapondan,14507,83.24,174.28,25,Mun,Eastern Samar,,,
Salcedo,22136,113.8,194.52,41,Mun,Eastern Samar,,,
San Julian,14800,150.62,98.26,16,Mun,Eastern Samar,,,
San Policarpo,15365,78,196.99,17,Mun,Eastern Samar,,,
Sulat,15758,169.75,92.83,18,Mun,Eastern Samar,,,
Taft,18786,231.27,81.23,24,Mun,Eastern Samar,,,
Buenavista*,52899,128.26,412.44,36,Mun,Guimaras,,,
Jordan,39566,126.11,313.74,14,Mun,Guimaras,,,
Nueva Valencia,42771,137.12,311.92,22,Mun,Guimaras,,,
San Lorenzo,29444,93.04,316.47,12,Mun,Guimaras,,,
Sibunag,23162,120.04,192.95,14,Mun,Guimaras,,,
Aguinaldo,21128,538.05,39.27,16,Mun,Ifugao,,,
Alfonso Lista*,34061,347.46,98.03,20,Mun,Ifugao,,,
Asipulo,15963,182.87,87.29,10,Mun,Ifugao,,,
Banaue,20652,191.2,108.01,18,Mun,Ifugao,,,
Hingyon,9930,62.02,160.11,12,Mun,Ifugao,,,
Hungduan,8866,260.3,34.06,9,Mun,Ifugao,,,
Kiangan,17691,200,88.46,14,Mun,Ifugao,,,
Lagawe,18876,208.91,90.35,20,Mun,Ifugao,,,
Lamut,26235,159.65,164.33,18,Mun,Ifugao,,,
Mayoyao,15621,238.05,65.62,27,Mun,Ifugao,,,
Tinoc,18475,239.7,77.08,12,Mun,Ifugao,,,
Adams,2189,159.31,13.74,1,Mun,Ilocos Norte,,,
Bacarra,33496,65.32,512.8,43,Mun,Ilocos Norte,,,
Badoc,32530,76.68,424.23,31,Mun,Ilocos Norte,,,
Bangui,15019,112.98,132.94,14,Mun,Ilocos Norte,,,
Banna,19297,92.73,208.1,20,Mun,Ilocos Norte,,,
Batac,55484,161.06,344.49,43,CC,Ilocos Norte,,,
Burgos,10759,128.9,83.47,11,Mun,Ilocos Norte,,,
Carasi,1607,82.97,19.37,3,Mun,Ilocos Norte,,,
Currimao,12215,34.08,358.42,23,Mun,Ilocos Norte,,,
Dingras,40127,96,417.99,31,Mun,Ilocos Norte,,,
Dumalneg,3087,88.48,34.89,4,Mun,Ilocos Norte,,,
Laoag*,111651,116.08,961.85,80,CC,Ilocos Norte,,,
Marcos,18010,72.77,247.49,13,Mun,Ilocos Norte,,,
Nueva Era,11968,515.02,23.24,11,Mun,Ilocos Norte,,,
Pagudpud,25098,194.9,128.77,16,Mun,Ilocos Norte,,,
Paoay,25001,76.24,327.92,31,Mun,Ilocos Norte,,,
Pasuquin,29678,210.54,140.96,33,Mun,Ilocos Norte,,,
Piddig,22475,216.2,103.95,23,Mun,Ilocos Norte,,,
Pinili,17626,89.48,196.98,25,Mun,Ilocos Norte,,,
San Nicolas,38895,40.18,968.02,24,Mun,Ilocos Norte,,,
Sarrat,25186,57.39,438.86,24,Mun,Ilocos Norte,,,
Solsona,24851,166.23,149.5,22,Mun,Ilocos Norte,,,
Vintar,33339,614.35,54.27,33,Mun,Ilocos Norte,,,
Alilem,7361,119.33,61.69,9,Mun,Ilocos Sur,,,
Banayoyo,7931,24.63,322.01,14,Mun,Ilocos Sur,,,
Bantay,37118,76.6,484.57,34,Mun,Ilocos Sur,,,
Burgos,12793,44.38,288.26,26,Mun,Ilocos Sur,,,
Cabugao,38884,95.56,406.91,33,Mun,Ilocos Sur,,,
Candon*,61432,103.28,594.81,42,CC,Ilocos Sur,,,
Caoayan,19574,17.42,1123.65,17,Mun,Ilocos Sur,,,
Cervantes,19449,234.7,82.87,13,Mun,Ilocos Sur,,,
Galimuyod,10244,34.4,297.79,24,Mun,Ilocos Sur,,,
Gregorio del Pilar,4472,41.66,107.35,7,Mun,Ilocos Sur,,,
Lidlidda,4705,33.84,139.04,11,Mun,Ilocos Sur,,,
Magsingal,31308,84.98,368.42,30,Mun,Ilocos Sur,,,
Nagbukel,5465,43.12,126.74,12,Mun,Ilocos Sur,,,
Narvacan,46234,122.21,378.32,34,Mun,Ilocos Sur,,,
Quirino,9306,240.1,38.76,9,Mun,Ilocos Sur,,,
Salcedo,11110,103.44,107.41,21,Mun,Ilocos Sur,,,
San Emilio,7206,141.44,50.95,8,Mun,Ilocos Sur,,,
San Esteban,8381,19.62,427.17,10,Mun,Ilocos Sur,,,
San Ildefonso,8190,11.35,721.59,15,Mun,Ilocos Sur,,,
San Juan,26674,64.37,414.39,32,Mun,Ilocos Sur,,,
San Vicente,13118,12.6,1041.11,7,Mun,Ilocos Sur,,,
Santa Catalina,14493,9.68,1497.21,9,Mun,Ilocos Sur,,,
Santa Cruz,41366,88.78,465.94,49,Mun,Ilocos Sur,,,
Santa Lucia,25966,49.72,522.24,36,Mun,Ilocos Sur,,,
Santa Maria,30006,63.31,473.95,33,Mun,Ilocos Sur,,,
Santa,14992,109.1,137.42,26,Mun,Ilocos Sur,,,
Santiago,19471,46.36,420,24,Mun,Ilocos Sur,,,
Santo Domingo,29041,55.49,523.36,36,Mun,Ilocos Sur,,,
Sigay,2552,81.55,31.29,7,Mun,Ilocos Sur,,,
Sinait,25998,65.56,396.55,44,Mun,Ilocos Sur,,,
Sugpon,4930,57.11,86.32,6,Mun,Ilocos Sur,,,
Suyo,10766,124,86.82,8,Mun,Ilocos Sur,,,
Tagudin,41538,151.19,274.74,43,Mun,Ilocos Sur,,,
Vigan,53935,25.12,2147.09,39,CC,Ilocos Sur,,,
Ajuy,53462,175.57,304.51,34,Mun,Iloilo,,,
Alimodian,39722,144.82,274.29,51,Mun,Iloilo,,,
Anilao,30520,100.31,304.26,21,Mun,Iloilo,,,
Badiangan,27056,77.5,349.11,31,Mun,Iloilo,,,
Balasan,35064,54.27,646.1,23,Mun,Iloilo,,,
Banate,33376,102.89,324.39,18,Mun,Iloilo,,,
Barotac Nuevo,58176,94.49,615.68,29,Mun,Iloilo,,,
Barotac Viejo,48614,185.78,261.68,26,Mun,Iloilo,,,
Batad,22157,53.1,417.27,24,Mun,Iloilo,,,
Bingawan,16164,85.2,189.72,14,Mun,Iloilo,,,
Cabatuan,61110,112.9,541.28,68,Mun,Iloilo,,,
Calinog,62853,274.55,228.93,59,Mun,Iloilo,,,
Carles,72637,104.05,698.1,33,Mun,Iloilo,,,
Concepcion,44633,86.12,518.27,25,Mun,Iloilo,,,
Dingle,45965,98.37,467.27,33,Mun,Iloilo,,,
Duenas,34597,90.52,382.2,47,Mun,Iloilo,,,
Dumangas,73899,128.7,574.2,45,Mun,Iloilo,,,
Estancia,53200,29.38,1810.76,25,Mun,Iloilo,,,
Guimbal,35022,44.61,785.07,33,Mun,Iloilo,,,
Igbaras,32197,148.72,216.49,46,Mun,Iloilo,,,
Iloilo City*,457626,78.34,5841.54,180,HUC,Iloilo,,,
Janiuay,66786,179.1,372.9,60,Mun,Iloilo,,,
Lambunao,81236,407.09,199.55,73,Mun,Iloilo,,,
Leganes,34725,32.2,1078.42,18,Mun,Iloilo,,,
Lemery,31414,119.9,262,31,Mun,Iloilo,,,
Leon,51990,140.2,370.83,85,Mun,Iloilo,,,
Maasin,38461,128.59,299.1,50,Mun,Iloilo,,,
Miagao,68115,156.8,434.41,119,Mun,Iloilo,,,
Mina,24042,43.4,553.96,22,Mun,Iloilo,,,
New Lucena,24314,44.1,551.34,21,Mun,Iloilo,,,
Oton,98509,86.44,1139.62,37,Mun,Iloilo,,,
Passi,88873,251.39,353.53,51,CC,Iloilo,,,
Pavia,70388,27.15,2592.56,18,Mun,Iloilo,,,
Pototan,78298,97.1,806.36,50,Mun,Iloilo,,,
San Dionisio,39048,127.06,307.32,29,Mun,Iloilo,,,
San Enrique,36911,110.28,334.7,28,Mun,Iloilo,,,
San Joaquin,52617,234.84,224.05,85,Mun,Iloilo,,,
San Miguel,30115,31.97,941.98,24,Mun,Iloilo,,,
San Rafael,17795,67.05,265.4,9,Mun,Iloilo,,,
Santa Barbara,67630,131.96,512.5,60,Mun,Iloilo,,,
Sara,54637,169.02,323.26,42,Mun,Iloilo,,,
Tigbauan,65245,83.68,779.7,52,Mun,Iloilo,,,
Tubungan,23021,85.18,270.26,48,Mun,Iloilo,,,
Zarraga,27305,54.48,501.19,24,Mun,Iloilo,,,
Alicia,73874,154.1,479.39,34,Mun,Isabela,,,
Angadanan,44977,204.4,220.04,59,Mun,Isabela,,,
Aurora,36621,115.56,316.9,33,Mun,Isabela,,,
Benito Soliven,29752,184.4,161.34,29,Mun,Isabela,,,
Burgos,26040,73.1,356.22,14,Mun,Isabela,,,
Cabagan,53897,430.4,125.23,26,Mun,Isabela,,,
Cabatuan,39990,72,555.42,22,Mun,Isabela,,,
Cauayan,143403,336.4,426.29,65,CC,Isabela,,,
Cordon,46477,144,322.76,26,Mun,Isabela,,,
Delfin Albano,29928,189,158.35,29,Mun,Isabela,,,
Dinapigue,5821,574.4,10.13,6,Mun,Isabela,,,
Divilacan,5827,889.49,6.55,12,Mun,Isabela,,,
Echague,88410,680.8,129.86,64,Mun,Isabela,,,
Gamu,30655,129.4,236.9,16,Mun,Isabela,,,
Ilagan*,158218,1166.26,135.66,91,CC,Isabela,,,
Jones,45628,670.14,68.09,42,Mun,Isabela,,,
Luna,20697,45.7,452.89,19,Mun,Isabela,,,
Maconacon,3977,538.66,7.38,10,Mun,Isabela,,,
Mallig,32208,133.4,241.44,18,Mun,Isabela,,,
Naguilian,33788,169.81,198.98,25,Mun,Isabela,,,
Palanan,17684,880.24,20.09,17,Mun,Isabela,,,
Quezon,27037,189.9,142.37,15,Mun,Isabela,,,
Quirino,25023,126.2,198.28,21,Mun,Isabela,,,
Ramon,56523,135.17,418.16,19,Mun,Isabela,,,
Reina Mercedes,27900,57.14,488.27,20,Mun,Isabela,,,
Roxas,65839,184.8,356.27,26,Mun,Isabela,,,
San Agustin,22096,278.4,79.37,23,Mun,Isabela,,,
San Guillermo,20915,325.49,64.26,26,Mun,Isabela,,,
San Isidro,27044,71.9,376.13,13,Mun,Isabela,,,
San Manuel,34085,112.77,302.25,19,Mun,Isabela,,,
San Mariano,60124,1469.5,40.91,36,Mun,Isabela,,,
San Mateo,66663,120.6,552.76,33,Mun,Isabela,,,
San Pablo,26320,637.9,41.26,17,Mun,Isabela,,,
Santa Maria,25758,140,183.99,20,Mun,Isabela,,,
Santiago,148580,255.5,581.53,37,ICC,Isabela,,,
Santo Tomas,24528,60.7,404.09,27,Mun,Isabela,,,
Tumauini,70743,467.3,151.39,46,Mun,Isabela,,,
Balbalan,12914,542.69,23.8,14,Mun,Kalinga,,,
Lubuagan,9323,234.2,39.81,9,Mun,Kalinga,,,
Pasil,10577,189,55.96,14,Mun,Kalinga,,,
Pinukpuk,34275,743.56,46.1,23,Mun,Kalinga,,,
Rizal,19554,231,84.65,14,Mun,Kalinga,,,
Tabuk*,121033,700.25,172.84,43,CC,Kalinga,,,
Tanudan,8746,307.55,28.44,16,Mun,Kalinga,,,
Tinglayan,13148,283,46.46,20,Mun,Kalinga,,,
Agoo,66028,52.84,1249.58,49,Mun,La Union,,,
Aringay,50380,84.54,595.93,24,Mun,La Union,,,
Bacnotan,44388,76.6,579.48,47,Mun,La Union,,,
Bagulin,14428,107.33,134.43,10,Mun,La Union,,,
Balaoan,40339,68.7,587.18,36,Mun,La Union,,,
Bangar,38041,37.36,1018.23,33,Mun,La Union,,,
Bauang,78449,73.15,1072.44,39,Mun,La Union,,,
Burgos,9006,70.8,127.2,12,Mun,La Union,,,
Caba,23119,46.31,499.22,17,Mun,La Union,,,
Luna,37318,42.9,869.88,40,Mun,La Union,,,
Naguilian,52189,104.6,498.94,37,Mun,La Union,,,
Pugo,19337,62.84,307.72,14,Mun,La Union,,,
Rosario,60278,73.98,814.79,33,Mun,La Union,,,
San Fernando*,125640,102.72,1223.13,59,CC,La Union,,,
San Gabriel,18943,129.87,145.86,15,Mun,La Union,,,
San Juan,40507,57.12,709.16,41,Mun,La Union,,,
Santo Tomas,40846,64,638.22,24,Mun,La Union,,,
Santol,14166,93.7,151.18,11,Mun,La Union,,,
Sudipen,17187,97.59,176.11,17,Mun,La Union,,,
Tubao,31763,50.75,625.87,18,Mun,La Union,,,
Alaminos,51619,57.46,898.35,15,Mun,Laguna,,,
Bay,67182,42.66,1574.82,15,Mun,Laguna,,,
Binan,407437,43.5,9366.37,24,CC,Laguna,,,
Cabuyao,355330,43.4,8187.33,18,CC,Laguna,,,
Calamba*,539671,149.5,3609.84,54,CC,Laguna,,,
Calauan,92529,65.4,1500,17,Mun,Laguna,,,
Cavinti,23980,203.58,117.79,19,Mun,Laguna,,,
Famy,16791,53.06,316.45,20,Mun,Laguna,,,
Kalayaan,24755,46.6,531.22,3,Mun,Laguna,,,
Liliw,39491,39.1,1010,33,Mun,Laguna,,,
Los Banos,115353,54.22,2127.5,14,Mun,Laguna,,,
Luisiana,20859,73.31,284.53,23,Mun,Laguna,,,
Lumban,32330,40.53,797.68,16,Mun,Laguna,,,
Mabitac,21275,80.76,263.43,15,Mun,Laguna,,,
Magdalena,27816,34.88,797.48,24,Mun,Laguna,,,
Majayjay,27893,69.58,400.88,40,Mun,Laguna,,,
Nagcarlan,64866,78.1,830.55,52,Mun,Laguna,,,
Paete,24945,55.02,453.38,9,Mun,Laguna,,,
Pagsanjan,44327,26.36,1681.6,16,Mun,Laguna,,,
Pakil,23495,46.5,505.27,13,Mun,Laguna,,,
Pangil,25026,45.03,555.76,8,Mun,Laguna,,,
Pila,54613,31.2,1750.42,17,Mun,Laguna,,,
Rizal,18332,27.9,657.06,11,Mun,Laguna,,,
San Pablo,285348,197.56,1444.36,80,CC,Laguna,,,
San Pedro,326001,24.05,13555.14,27,CC,Laguna,,,
Santa Cruz,123574,38.59,3202.23,26,Mun,Laguna,,,
Santa Maria,34511,108.4,318.37,25,Mun,Laguna,,,
Santa Rosa,414812,54.84,7564.04,18,CC,Laguna,,,
Siniloan,39460,64.51,611.69,20,Mun,Laguna,,,
Victoria,43408,22.35,1942.19,9,Mun,Laguna,,,
Bacolod,24367,104.1,234.07,16,Mun,Lanao del Norte,,,
Balo-i,68465,90.98,752.53,21,Mun,Lanao del Norte,,,
Baroy,24683,72.35,341.16,23,Mun,Lanao del Norte,,,
Iligan*,363115,813.37,446.43,44,HUC,Lanao del Norte,,,
Kapatagan,62571,242.89,257.61,33,Mun,Lanao del Norte,,,
Kauswagan,24193,60.37,400.75,13,Mun,Lanao del Norte,,,
Kolambugan,28265,134.55,210.07,26,Mun,Lanao del Norte,,,
Lala,73425,140.25,523.53,27,Mun,Lanao del Norte,,,
Linamon,21269,76.38,278.46,8,Mun,Lanao del Norte,,,
Magsaysay,20463,151.83,134.78,24,Mun,Lanao del Norte,,,
Maigo,23337,121.45,192.15,13,Mun,Lanao del Norte,,,
Matungao,14756,45.74,322.61,12,Mun,Lanao del Norte,,,
Munai,35020,197.5,177.32,26,Mun,Lanao del Norte,,,
Nunungan,18827,473.28,39.78,25,Mun,Lanao del Norte,,,
Pantao Ragat,30247,124.3,243.34,20,Mun,Lanao del Norte,,,
Pantar,26599,70.4,377.83,21,Mun,Lanao del Norte,,,
Poona Piagapo,29183,260.07,112.21,26,Mun,Lanao del Norte,,,
Salvador,32115,113.99,281.74,25,Mun,Lanao del Norte,,,
Sapad,22974,140.03,164.06,17,Mun,Lanao del Norte,,,
Sultan Naga Dimaporo,60904,230.99,263.67,37,Mun,Lanao del Norte,,,
Tagoloan,15091,69.7,216.51,7,Mun,Lanao del Norte,,,
Tangcal,16075,178.62,90,18,Mun,Lanao del Norte,,,
Tubod,50073,246.8,202.89,24,Mun,Lanao del Norte,,,
Amai Manabilang,12124,544.1,22.28,17,Mun,Lanao del Sur,,,
Bacolod-Kalawi,23129,491.57,47.05,26,Mun,Lanao del Sur,,,
Balabagan,29863,230,129.84,27,Mun,Lanao del Sur,,,
Balindong,32573,453.94,71.76,38,Mun,Lanao del Sur,,,
Bayang,28023,230,121.84,49,Mun,Lanao del Sur,,,
Binidayan,25965,280,92.73,26,Mun,Lanao del Sur,,,
Buadiposo-Buntong,18046,215,83.93,33,Mun,Lanao del Sur,,,
Bubong,26514,798.5,33.2,36,Mun,Lanao del Sur,,,
Butig,22768,331.49,68.68,16,Mun,Lanao del Sur,,,
Calanogas,14985,195,76.85,17,Mun,Lanao del Sur,,,
Ditsaan-Ramain,24406,527.98,46.23,35,Mun,Lanao del Sur,,,
Ganassi,30802,256,120.32,32,Mun,Lanao del Sur,,,
Kapai,20581,398.5,51.65,20,Mun,Lanao del Sur,,,
Kapatagan,20498,288.13,71.14,15,Mun,Lanao del Sur,,,
Lumba-Bayabao,45909,640.02,71.73,38,Mun,Lanao del Sur,,,
Lumbaca-Unayan,8131,42.28,192.31,9,Mun,Lanao del Sur,,,
Lumbatan,22780,158.39,143.82,21,Mun,Lanao del Sur,,,
Lumbayanague,19091,302.18,63.18,22,Mun,Lanao del Sur,,,
Madalum,26478,498.39,53.13,37,Mun,Lanao del Sur,,,
Madamba,22050,225,98,24,Mun,Lanao del Sur,,,
Maguing,30436,815.04,37.34,34,Mun,Lanao del Sur,,,
Malabang,49088,198.1,247.79,37,Mun,Lanao del Sur,,,
Marantao,37763,660,57.22,34,Mun,Lanao del Sur,,,
Marawi*,207010,87.55,2364.48,96,CC,Lanao del Sur,,,
Marogong,30118,365,82.52,24,Mun,Lanao del Sur,,,
Masiu,33580,170,197.53,35,Mun,Lanao del Sur,,,
Mulondo,19932,458.67,43.46,26,Mun,Lanao del Sur,,,
Pagayawan,15057,218,69.07,18,Mun,Lanao del Sur,,,
Piagapo,30132,340.07,88.61,37,Mun,Lanao del Sur,,,
Picong,18907,280,67.53,19,Mun,Lanao del Sur,,,
Poona Bayabao,31141,242.34,128.5,25,Mun,Lanao del Sur,,,
Pualas,14526,182.89,79.42,23,Mun,Lanao del Sur,,,
Saguiaran,26712,51.35,520.19,30,Mun,Lanao del Sur,,,
Sultan Dumalondong,12500,275.8,45.32,7,Mun,Lanao del Sur,,,
Tagoloan II,12602,362.35,34.78,19,Mun,Lanao del Sur,,,
Tamparan,32074,170,188.67,44,Mun,Lanao del Sur,,,
Taraka,27184,435.4,62.43,43,Mun,Lanao del Sur,,,
Tubaran,16896,435,38.84,21,Mun,Lanao del Sur,,,
Tugaya,24778,155.1,159.75,23,Mun,Lanao del Sur,,,
Wao,50366,485.24,103.8,26,Mun,Lanao del Sur,,,
Abuyog,61216,688.25,88.94,63,Mun,Leyte,,,
Alangalang,57185,150.54,379.87,54,Mun,Leyte,,,
Albuera,47151,303.35,155.43,16,Mun,Leyte,,,
Babatngon,28823,115.18,250.24,25,Mun,Leyte,,,
Barugo,34497,84.62,407.67,37,Mun,Leyte,,,
Bato,38505,72.45,531.47,32,Mun,Leyte,,,
Baybay,111848,459.3,243.52,92,CC,Leyte,,,
Burauen,52511,265.33,197.91,77,Mun,Leyte,,,
Calubian,31646,100.95,313.48,53,Mun,Leyte,,,
Capoocan,33721,185.4,181.88,21,Mun,Leyte,,,
Carigara,54656,117.86,463.74,49,Mun,Leyte,,,
Dagami,36178,161.65,223.8,65,Mun,Leyte,,,
Dulag,48992,110.7,442.57,45,Mun,Leyte,,,
Hilongos,64514,192.92,334.41,51,Mun,Leyte,,,
Hindang,20849,50.04,416.65,20,Mun,Leyte,,,
Inopacan,21389,94.62,226.05,20,Mun,Leyte,,,
Isabel,46781,64.01,730.84,24,Mun,Leyte,,,
Jaro,43758,207.19,211.2,46,Mun,Leyte,,,
Javier,26658,152.7,174.58,28,Mun,Leyte,,,
Julita,15598,53.3,292.65,26,Mun,Leyte,,,
Kananga,59696,144.2,413.98,23,Mun,Leyte,,,
La Paz,19174,72.7,263.74,35,Mun,Leyte,,,
Leyte,40397,181.26,222.87,30,Mun,Leyte,,,
MacArthur,21578,57.57,374.81,31,Mun,Leyte,,,
Mahaplag,27865,104.79,265.91,28,Mun,Leyte,,,
Matag-ob,17522,104.4,167.84,21,Mun,Leyte,,,
Matalom,32586,132,246.86,30,Mun,Leyte,,,
Mayorga,18071,42.17,428.53,16,Mun,Leyte,,,
Merida,31574,95.21,331.62,22,Mun,Leyte,,,
Ormoc,230998,613.6,376.46,110,ICC,Leyte,,,
Palo,76213,221.27,344.43,33,Mun,Leyte,,,
Palompon,58313,126.07,462.54,50,Mun,Leyte,,,
Pastrana,19359,86.35,224.19,29,Mun,Leyte,,,
San Isidro,30722,122.5,250.79,19,Mun,Leyte,,,
San Miguel,19753,145.11,136.12,21,Mun,Leyte,,,
Santa Fe,22102,53.97,409.52,20,Mun,Leyte,,,
Tabango,33868,96.62,350.53,13,Mun,Leyte,,,
Tabontabon,11902,24.18,492.22,16,Mun,Leyte,,,
Tacloban*,251881,201.72,1248.67,138,HUC,Leyte,,,
Tanauan,57455,78.41,732.75,54,Mun,Leyte,,,
Tolosa,20708,22.54,918.72,15,Mun,Leyte,,,
Tunga,7656,7.7,994.29,8,Mun,Leyte,,,
Villaba,42859,150.31,285.14,35,Mun,Leyte,,,
Barira,36143,392.61,92.06,14,Mun,Maguindanao del Norte,,,
Buldon,39684,392.61,101.08,15,Mun,Maguindanao del Norte,,,
Cotabato City*,325079,176,1847.04,37,ICC,Maguindanao del Norte,,,
Datu Blah T. Sinsuat,28243,147.21,191.86,13,Mun,Maguindanao del Norte,,,
Datu Odin Sinsuat,116768,461.8,72.94,34,Mun,Maguindanao del Norte,,,
Kabuntalan,25439,371.08,74.94,17,Mun,Maguindanao del Norte,,,
Matanog,36034,146.5,179.37,8,Mun,Maguindanao del Norte,,,
Northern Kabuntalan,26277,106.77,349.48,11,Mun,Maguindanao del Norte,,,
Parang,102914,850.78,120.96,25,Mun,Maguindanao del Norte,,,
Sultan Kudarat,105121,712.91,147.45,39,Mun,Maguindanao del Norte,,,
Sultan Mastura,25331,242.07,104.64,13,Mun,Maguindanao del Norte,,,
Talitay,17463,62.96,277.37,9,Mun,Maguindanao del Norte,,,
Upi,59004,742.95,79.42,23,Mun,Maguindanao del Norte,,,
Ampatuan,28941,255.4,113.32,11,Mun,Maguindanao del Sur,,,
Buluan*,57406,699.5,82.07,7,Mun,Maguindanao del Sur,,,
Datu Abdullah Sangki,30117,220,136.9,10,Mun,Maguindanao del Sur,,,
Datu Anggal Midtimbang,28224,85.43,330.38,7,Mun,Maguindanao del Sur,,,
Datu Hoffer Ampatuan,26660,461.1,57.82,11,Mun,Maguindanao del Sur,,,
Datu Montawal,37314,461.1,253.24,11,Mun,Maguindanao del Sur,,,
Datu Paglas,33682,132.1,214.84,23,Mun,Maguindanao del Sur,,,
Datu Piang,28380,302.97,62.04,16,Mun,Maguindanao del Sur,,,
Datu Salibo,18795,150.62,206.21,17,Mun,Maguindanao del Sur,,,
Datu Saudi-Ampatuan,31060,60.16,214.26,8,Mun,Maguindanao del Sur,,,
Datu Unsay,12890,95.39,327.74,8,Mun,Maguindanao del Sur,,,
General Salipada K. Pendatun,24933,189.37,131.66,19,Mun,Maguindanao del Sur,,,
Guindulungan,31263,130.68,194.67,11,Mun,Maguindanao del Sur,,,
Mamasapano,27807,85.31,307.15,14,Mun,Maguindanao del Sur,,,
Mangudadatu,26203,98.16,367.09,14,Mun,Maguindanao del Sur,,,
Pagalungan,46277,898.76,51.49,12,Mun,Maguindanao del Sur,,,
Paglat,18727,177.74,105.36,8,Mun,Maguindanao del Sur,,,
Pandag,26356,85.31,308.94,8,Mun,Maguindanao del Sur,,,
Rajah Buayan,27832,71.98,386.66,11,Mun,Maguindanao del Sur,,,
Shariff Aguak,33982,392.7,86.53,13,Mun,Maguindanao del Sur,,,
Shariff Saydona Mustapha,25080,164.42,152.54,16,Mun,Maguindanao del Sur,,,
South Upi,43197,184.8,233.75,11,Mun,Maguindanao del Sur,,,
Sultan sa Barongis,24476,291.3,84.02,12,Mun,Maguindanao del Sur,,,
Talayan,34156,143.84,237.46,15,Mun,Maguindanao del Sur,,,
Boac*,57283,212.7,269.31,61,Mun,Marinduque,,,
Buenavista,26043,81.25,320.53,15,Mun,Marinduque,,,
Gasan,36197,100.88,358.81,25,Mun,Marinduque,,,
Mogpog,34516,108.06,319.42,37,Mun,Marinduque,,,
Santa Cruz,54692,270.77,201.99,55,Mun,Marinduque,,,
Torrijos,30476,178.92,170.33,25,Mun,Marinduque,,,
Aroroy,88351,440.3,200.66,41,Mun,Masbate,,,
Baleno,28855,204.38,141.18,24,Mun,Masbate,,,
Balud,40155,231,173.83,32,Mun,Masbate,,,
Batuan,14610,56.28,259.59,14,Mun,Masbate,,,
Cataingan,50623,191.64,264.16,36,Mun,Masbate,,,
Cawayan,69265,260.19,266.21,37,Mun,Masbate,,,
Claveria,42142,182.98,230.31,22,Mun,Masbate,,,
Dimasalang,24909,148.07,168.22,20,Mun,Masbate,,,
Esperanza,17534,67.49,259.8,20,Mun,Masbate,,,
Mandaon,44122,280.8,157.13,26,Mun,Masbate,,,
Masbate City*,104522,188,555.97,30,CC,Masbate,,,
Milagros,57538,565.3,101.78,27,Mun,Masbate,,,
Mobo,40823,143.47,284.54,29,Mun,Masbate,,,
Monreal,25164,128.67,195.57,11,Mun,Masbate,,,
Palanas,27322,171.1,159.68,24,Mun,Masbate,,,
Pio V. Corpus,23744,89.33,265.8,18,Mun,Masbate,,,
Placer,56340,193.03,291.87,35,Mun,Masbate,,,
San Fernando,21600,77.5,278.71,26,Mun,Masbate,,,
San Jacinto,29686,122.4,242.53,21,Mun,Masbate,,,
San Pascual,44449,246.65,180.21,22,Mun,Masbate,,,
Uson,57166,163.2,350.28,35,Mun,Masbate,,,
Caloocan,1661584,55.8,29777.49,188,HUC,Metro Manila,,,
Las Pinas,606293,32.69,18546.74,20,HUC,Metro Manila,,,
Makati,629616,21.57,29189.43,33,HUC,Metro Manila,,,
Malabon,380522,15.71,24221.64,21,HUC,Metro Manila,,,
Mandaluyong,425758,11.26,45829.71,27,HUC,Metro Manila,,,
Manila,1846513,24.98,73919.66,897,HUC,Metro Manila,,,
Marikina,456159,21.52,21192.33,16,HUC,Metro Manila,,,
Muntinlupa,543445,39.75,13671.57,9,HUC,Metro Manila,,,
Navotas,247543,8.94,27689.37,18,HUC,Metro Manila,,,
Paranaque,689992,46.57,14816.23,16,HUC,Metro Manila,,,
Pasay,440656,13.97,31543.02,201,HUC,Metro Manila,,,
Pasig,803159,48.46,16573.65,30,HUC,Metro Manila,,,
Pateros,65227,1.66,39293.37,10,Mun,Metro Manila,,,
Quezon City**,2960048,171.71,17238.65,142,HUC,Metro Manila,,,
San Juan,126347,5.95,21234.79,21,HUC,Metro Manila,,,
Taguig,886722,45.21,19613.4,28,HUC,Metro Manila,,,
Valenzuela,714978,47.02,15205.83,33,HUC,Metro Manila,,,
Aloran,27934,118.06,236.61,38,Mun,Misamis Occidental,,,
Baliangao,18433,81.72,225.56,15,Mun,Misamis Occidental,,,
Bonifacio,34558,155.02,222.93,28,Mun,Misamis Occidental,,,
Calamba,23227,104.64,221.97,19,Mun,Misamis Occidental,,,
Clarin,39356,84.5,465.75,29,Mun,Misamis Occidental,,,
Concepcion,9324,61.6,151.36,18,Mun,Misamis Occidental,,,
Don Victoriano Chiongbian,9664,284.6,33.96,11,Mun,Misamis Occidental,,,
Jimenez,28909,81.43,355.02,24,Mun,Misamis Occidental,,,
Lopez Jaena,25507,94.7,269.35,28,Mun,Misamis Occidental,,,
Oroquieta,72301,237.88,303.94,47,CC,Misamis Occidental,,,
Ozamiz*,140334,169.95,825.74,51,CC,Misamis Occidental,,,
Panaon,10797,46.8,230.71,16,Mun,Misamis Occidental,,,
Plaridel,39840,80,498,33,Mun,Misamis Occidental,,,
Sapang Dalaga,20490,93.93,218.14,28,Mun,Misamis Occidental,,,
Sinacaban,19671,99.09,198.52,17,Mun,Misamis Occidental,,,
Tangub,68389,162.78,420.13,55,CC,Misamis Occidental,,,
Tudela,28599,98.52,290.29,33,Mun,Misamis Occidental,,,
Alubijid,32163,85.56,375.91,16,Mun,Misamis Oriental,,,
Balingasag,74385,147.11,505.64,30,Mun,Misamis Oriental,,,
Balingoan,11020,57.8,190.66,9,Mun,Misamis Oriental,,,
Binuangan,7441,30.43,244.53,8,Mun,Misamis Oriental,,,
Cagayan de Oro*,728402,412.8,1764.54,80,HUC,Misamis Oriental,,,
Claveria,52478,579.63,90.54,24,Mun,Misamis Oriental,,,
El Salvador,58771,106.15,553.66,15,CC,Misamis Oriental,,,
Gingoog,136698,568.44,240.48,79,CC,Misamis Oriental,,,
Gitagum,17920,43.4,412.9,11,Mun,Misamis Oriental,,,
Initao,33902,111.27,304.68,16,Mun,Misamis Oriental,,,
Jasaan,57055,77.02,740.78,15,Mun,Misamis Oriental,,,
Kinoguitan,14091,42.56,331.09,15,Mun,Misamis Oriental,,,
Lagonglong,24190,83.78,288.73,10,Mun,Misamis Oriental,,,
Laguindingan,26363,44.23,596.04,11,Mun,Misamis Oriental,,,
Libertad,12948,22.47,576.23,9,Mun,Misamis Oriental,,,
Lugait,20559,27.45,748.96,8,Mun,Misamis Oriental,,,
Magsaysay,36803,143.14,257.11,13,Mun,Misamis Oriental,,,
Manticao,29469,123.01,239.57,25,Mun,Misamis Oriental,,,
Medina,35612,148.29,240.15,19,Mun,Misamis Oriental,,,
Naawan,22444,88.5,253.6,10,Mun,Misamis Oriental,,,
Opol,66327,175.13,378.73,14,Mun,Misamis Oriental,,,
Salay,29998,92.79,323.29,18,Mun,Misamis Oriental,,,
Sugbongcogon,9764,26.5,368.45,10,Mun,Misamis Oriental,,,
Tagoloan,80319,117.73,682.23,10,Mun,Misamis Oriental,,,
Talisayan,25761,140.33,183.57,18,Mun,Misamis Oriental,,,
Villanueva,40419,48.8,828.26,11,Mun,Misamis Oriental,,,
Barlig,4796,228.64,20.98,11,Mun,Mountain Province,,,
Bauko*,32021,153,209.29,22,Mun,Mountain Province,,,
Besao,6873,173.62,39.59,14,Mun,Mountain Province,,,
Bontoc,24104,396.1,60.85,16,Mun,Mountain Province,,,
Natonin,10339,252,41.03,11,Mun,Mountain Province,,,
Paracelis,31168,570.16,54.67,9,Mun,Mountain Province,,,
Sabangan,9621,72.04,133.55,15,Mun,Mountain Province,,,
Sadanga,8427,83.3,101.16,8,Mun,Mountain Province,,,
Sagada,11510,83.32,138.14,19,Mun,Mountain Province,,,
Tadian,19341,145.2,133.2,19,Mun,Mountain Province,,,
Bacolod*,600783,162.67,3693.26,61,HUC,Negros Occidental,,,
Bago,191210,401.2,476.6,24,CC,Negros Occidental,,,
Binalbagan,71407,189.96,375.91,16,Mun,Negros Occidental,,,
Cadiz,158544,524.57,302.24,22,CC,Negros Occidental,,,
Calatrava,82540,504.5,163.61,40,Mun,Negros Occidental,,,
Candoni,23751,191.7,123.9,9,Mun,Negros Occidental,,,
Cauayan,108480,520,208.62,25,Mun,Negros Occidental,,,
Don Salvador Benedicto,26922,170.5,157.9,7,Mun,Negros Occidental,,,
Enrique B. Magalona,64290,113.25,567.68,23,Mun,Negros Occidental,,,
Escalante,96159,192.76,498.85,21,CC,Negros Occidental,,,
Himamaylan,116240,367.04,316.7,19,CC,Negros Occidental,,,
Hinigaran,88909,154.92,573.9,24,Mun,Negros Occidental,,,
Hinoba-an,60865,414.5,146.84,13,Mun,Negros Occidental,,,
Ilog,59855,281.7,212.48,15,Mun,Negros Occidental,,,
Isabela,64516,178.76,360.91,30,Mun,Negros Occidental,,,
Kabankalan,200198,697.35,287.08,32,CC,Negros Occidental,,,
La Carlota,66664,137.29,485.57,14,CC,Negros Occidental,,,
La Castellana,79492,185.22,429.18,13,Mun,Negros Occidental,,,
Manapla,55083,112.86,488.06,12,Mun,Negros Occidental,,,
Moises Padilla,43462,144.1,301.61,15,Mun,Negros Occidental,,,
Murcia,88868,279.14,318.36,23,Mun,Negros Occidental,,,
Pontevedra,54502,112.5,484.46,20,Mun,Negros Occidental,,,
Pulupandan,30117,23,1309.43,20,Mun,Negros Occidental,,,
Sagay,148894,330.34,450.73,25,CC,Negros Occidental,,,
San Carlos,132650,451.5,293.8,18,CC,Negros Occidental,,,
San Enrique,24177,28.84,838.31,10,Mun,Negros Occidental,,,
Silay,130478,214.8,607.44,16,CC,Negros Occidental,,,
Sipalay,72448,379.78,190.76,17,CC,Negros Occidental,,,
Talisay,108909,201.18,541.35,27,CC,Negros Occidental,,,
Toboso,43445,117.33,370.28,9,Mun,Negros Occidental,,,
Valladolid,39996,48.03,832.73,16,Mun,Negros Occidental,,,
Victorias,90101,133.92,672.8,26,CC,Negros Occidental,,,
Amlan,25513,111.85,228.1,8,Mun,Negros Oriental,,,
Ayungon,47102,265.1,177.68,24,Mun,Negros Oriental,,,
Bacong,41207,40.3,1022.51,22,Mun,Negros Oriental,,,
Bais,84317,319.64,263.79,35,CC,Negros Oriental,,,
Basay,28531,162,176.12,10,Mun,Negros Oriental,,,
Bayawan,122747,699.08,175.58,28,CC,Negros Oriental,,,
Bindoy,40308,173.7,232.06,22,Mun,Negros Oriental,,,
Canlaon,58822,170.93,344.13,12,CC,Negros Oriental,,,
Dauin,30018,114.1,263.09,23,Mun,Negros Oriental,,,
Dumaguete*,134103,33.62,3988.79,30,CC,Negros Oriental,,,
Guihulngan,102656,388.56,264.2,33,CC,Negros Oriental,,,
Jimalalud,32256,139.5,231.23,28,Mun,Negros Oriental,,,
La Libertad,41089,139.6,294.33,29,Mun,Negros Oriental,,,
Mabinay,82953,319.44,259.68,32,Mun,Negros Oriental,,,
Manjuyod,44799,264.6,169.31,27,Mun,Negros Oriental,,,
Pamplona,39805,202.2,196.86,16,Mun,Negros Oriental,,,
San Jose,21956,54.46,403.16,14,Mun,Negros Oriental,,,
Santa Catalina,77501,523.1,148.16,22,Mun,Negros Oriental,,,
Siaton,83082,335.9,247.34,26,Mun,Negros Oriental,,,
Sibulan,64343,163,394.74,15,Mun,Negros Oriental,,,
Tanjay,82642,267.05,309.46,24,CC,Negros Oriental,,,
Tayasan,38159,154.2,247.46,28,Mun,Negros Oriental,,,
Valencia,38733,147.49,262.61,24,Mun,Negros Oriental,,,
Vallehermoso,40779,101.25,402.76,15,Mun,Negros Oriental,,,
Zamboanguita,29569,85.86,344.39,10,Mun,Negros Oriental,,,
Allen,25228,47.6,530,20,Mun,Northern Samar,,,
Biri,11274,24.62,457.92,8,Mun,Northern Samar,,,
Bobon,25964,130,199.72,18,Mun,Northern Samar,,,
Capul,12323,35.56,346.54,12,Mun,Northern Samar,,,
Catarman*,97879,464.43,210.75,55,Mun,Northern Samar,,,
Catubig,32174,214.99,149.65,47,Mun,Northern Samar,,,
Gamay,23367,115.1,203.01,26,Mun,Northern Samar,,,
Laoang,60607,246.94,245.43,56,Mun,Northern Samar,,,
Lapinig,11844,57.3,206.7,15,Mun,Northern Samar,,,
Las Navas,36621,282.61,129.58,53,Mun,Northern Samar,,,
Lavezares,29390,119.5,245.94,26,Mun,Northern Samar,,,
Lope de Vega,14690,280,52.46,22,Mun,Northern Samar,,,
Mapanas,14234,117.85,120.78,13,Mun,Northern Samar,,,
Mondragon,41415,288.9,143.35,24,Mun,Northern Samar,,,
Palapag,34034,179.6,189.5,32,Mun,Northern Samar,,,
Pambujan,35532,163.9,216.79,26,Mun,Northern Samar,,,
Rosario,10949,31.6,346.49,11,Mun,Northern Samar,,,
San Antonio,8882,27,328.96,10,Mun,Northern Samar,,,
San Isidro,27867,255.9,108.9,14,Mun,Northern Samar,,,
San Jose,17641,29.85,590.99,16,Mun,Northern Samar,,,
San Roque,29882,152.98,195.33,16,Mun,Northern Samar,,,
San Vicente,6928,15.8,438.48,7,Mun,Northern Samar,,,
Silvino Lobos,15100,224.2,67.35,26,Mun,Northern Samar,,,
Victoria,15361,186.7,82.28,16,Mun,Northern Samar,,,
Aliaga,70363,90.04,781.46,26,Mun,Nueva Ecija,,,
Bongabon,66839,286.95,232.93,28,Mun,Nueva Ecija,,,
Cabanatuan*,327325,192.29,1702.25,89,CC,Nueva Ecija,,,
Cabiao,85862,111.83,767.79,23,Mun,Nueva Ecija,,,
Carranglan,42420,705.31,60.14,17,Mun,Nueva Ecija,,,
Cuyapo,68066,215.73,315.51,51,Mun,Nueva Ecija,,,
Gabaldon,38958,242.88,160.4,16,Mun,Nueva Ecija,,,
Gapan,122968,118,1042.1,23,CC,Nueva Ecija,,,
General Mamerto Natividad,44311,533.08,83.12,20,Mun,Nueva Ecija,,,
General Tinio,55925,245.29,228,13,Mun,Nueva Ecija,,,
Guimba,127653,245.29,520.42,64,Mun,Nueva Ecija,,,
Jaen,79189,85.46,926.62,27,Mun,Nueva Ecija,,,
Laur,38263,295.88,129.32,17,Mun,Nueva Ecija,,,
Licab,29269,67.37,434.45,11,Mun,Nueva Ecija,,,
Llanera,42281,114.44,369.46,22,Mun,Nueva Ecija,,,
Lupao,45917,121.33,378.45,24,Mun,Nueva Ecija,,,
Munoz,84308,163.05,517.07,37,CC,Nueva Ecija,,,
Nampicuan,14471,52.6,275.11,21,Mun,Nueva Ecija,,,
Palayan,45383,101.4,447.56,19,CC,Nueva Ecija,,,
Pantabangan,31763,392.56,80.91,14,Mun,Nueva Ecija,,,
Penaranda,32269,95,339.67,10,Mun,Nueva Ecija,,,
Quezon,41845,68.53,610.61,16,Mun,Nueva Ecija,,,
Rizal,70196,120.55,582.3,26,Mun,Nueva Ecija,,,
San Antonio,83060,153.56,540.9,16,Mun,Nueva Ecija,,,
San Isidro,54372,56.49,962.51,9,Mun,Nueva Ecija,,,
San Jose,150917,185.99,811.43,38,CC,Nueva Ecija,,,
San Leonardo,68536,151.9,451.19,15,Mun,Nueva Ecija,,,
Santa Rosa,75649,147.15,514.09,33,Mun,Nueva Ecija,,,
Santo Domingo,61092,74.88,815.87,24,Mun,Nueva Ecija,,,
Talavera,132338,140.92,939.1,53,Mun,Nueva Ecija,,,
Talugtug,25236,93.95,268.61,28,Mun,Nueva Ecija,,,
Zaragoza,53090,72.02,737.16,19,Mun,Nueva Ecija,,,
Alfonso Castaneda,8539,375.4,22.75,6,Mun,Nueva Vizcaya,,,
Ambaguio,15472,156.26,99.01,8,Mun,Nueva Vizcaya,,,
Aritao,42197,265.6,158.87,22,Mun,Nueva Vizcaya,,,
Bagabag,37985,183.9,206.55,17,Mun,Nueva Vizcaya,,,
Bambang,55789,345,161.71,25,Mun,Nueva Vizcaya,,,
Bayombong*,67714,136,497.9,25,Mun,Nueva Vizcaya,,,
Diadi,19236,181.2,106.16,19,Mun,Nueva Vizcaya,,,
Dupax del Norte,33295,347.3,95.87,15,Mun,Nueva Vizcaya,,,
Dupax del Sur,21224,374.7,56.64,19,Mun,Nueva Vizcaya,,,
Kasibu,41776,318.8,131.04,30,Mun,Nueva Vizcaya,,,
Kayapa,26469,482.9,54.81,30,Mun,Nueva Vizcaya,,,
Quezon,24055,187.5,128.29,12,Mun,Nueva Vizcaya,,,
Santa Fe,18276,399.81,45.71,16,Mun,Nueva Vizcaya,,,
Solano,65287,139.8,467,22,Mun,Nueva Vizcaya,,,
Villaverde,20118,81.5,246.85,9,Mun,Nueva Vizcaya,,,
Abra de Ilog,35176,533.7,65.91,10,Mun,Occidental Mindoro,,,
Calintaan,30190,382.5,78.93,7,Mun,Occidental Mindoro,,,
Looc,7802,132.3,58.97,9,Mun,Occidental Mindoro,,,
Lubang,17437,113.1,154.17,16,Mun,Occidental Mindoro,,,
Magsaysay,39767,296.7,134.03,12,Mun,Occidental Mindoro,,,
Mamburao,47705,283.51,168.27,15,Mun,Occidental Mindoro,,,
Paluan,18566,564.5,32.89,12,Mun,Occidental Mindoro,,,
Rizal,40429,242.5,166.72,11,Mun,Occidental Mindoro,,,
Sablayan,92598,2188.8,42.31,22,Mun,Occidental Mindoro,,,
San Jose*,153267,446.7,343.11,39,Mun,Occidental Mindoro,,,
Santa Cruz,42417,681.4,62.25,11,Mun,Occidental Mindoro,,,
Baco,39817,216.23,184.14,27,Mun,Oriental Mindoro,,,
Bansud,42671,343.47,124.24,13,Mun,Oriental Mindoro,,,
Bongabong,76973,498.2,154.5,36,Mun,Oriental Mindoro,,,
Bulalacao,44366,321.86,137.84,15,Mun,Oriental Mindoro,,,
Calapan*,145786,250.06,583,62,CC,Oriental Mindoro,,,
Gloria,50496,245.52,205.67,27,Mun,Oriental Mindoro,,,
Mansalay,59114,446.62,132.36,17,Mun,Oriental Mindoro,,,
Naujan,109587,503.1,217.82,70,Mun,Oriental Mindoro,,,
Pinamalayan,90383,282.26,320.21,37,Mun,Oriental Mindoro,,,
Pola,35455,159.34,222.51,23,Mun,Oriental Mindoro,,,
Puerto Galera,41961,247.85,169.3,13,Mun,Oriental Mindoro,,,
Roxas,58849,85.26,690.23,20,Mun,Oriental Mindoro,,,
San Teodoro,19121,341,56.07,8,Mun,Oriental Mindoro,,,
Socorro,41585,151.38,274.71,26,Mun,Oriental Mindoro,,,
Victoria,52175,146.23,356.8,32,Mun,Oriental Mindoro,,,
Aborlan,38736,807.33,47.98,19,Mun,Palawan,,,
Agutaya,12867,37.31,344.87,10,Mun,Palawan,,,
Araceli,14434,204.3,70.65,13,Mun,Palawan,,,
Balabac,42527,581.6,73.12,20,Mun,Palawan,,,
Bataraza,85439,726.2,117.65,22,Mun,Palawan,,,
Brooke's Point,73994,1303.4,56.77,18,Mun,Palawan,,,
Busuanga,25617,392.9,65.2,14,Mun,Palawan,,,
Cagayancillo,6884,26.39,260.86,12,Mun,Palawan,,,
Coron,65855,689.1,95.57,23,Mun,Palawan,,,
Culion,23213,499.59,46.46,14,Mun,Palawan,,,
Cuyo,23489,84.95,276.5,17,Mun,Palawan,,,
Dumaran,23528,435,54.09,16,Mun,Palawan,,,
El Nido,50494,923.26,54.69,18,Mun,Palawan,,,
Kalayaan,193,290,0.67,1,Mun,Palawan,,,
Linapacan,16424,195.44,84.04,10,Mun,Palawan,,,
Magsaysay,12603,49.48,254.71,11,Mun,Palawan,,,
Narra,77948,831.73,93.72,23,Mun,Palawan,,,
Puerto Princesa*,307079,2381.02,128.97,66,HUC,Palawan,,,
Quezon,65283,943.19,69.22,14,Mun,Palawan,,,
Rizal,56162,1256.47,44.7,11,Mun,Palawan,,,
Roxas,69624,1177.56,59.13,31,Mun,Palawan,,,
San Vicente,33507,1462.94,22.9,10,Mun,Palawan,,,
Sofronio Espanola,37416,473.91,78.95,9,Mun,Palawan,,,
Taytay,83357,1257.68,66.28,31,Mun,Palawan,,,
Angeles*,462928,60.27,7680.9,33,HUC,Pampanga,,,
Apalit,117160,61.47,1905.97,12,Mun,Pampanga,,,
Arayat,144875,134.48,1077.3,30,Mun,Pampanga,,,
Bacolor,48066,71.7,670.38,21,Mun,Pampanga,,,
Candaba,119497,176.4,677.42,33,Mun,Pampanga,,,
Floridablanca,135542,175.48,772.41,33,Mun,Pampanga,,,
Guagua,128893,48.67,2648.3,31,Mun,Pampanga,,,
Lubao,173502,155.77,1113.83,44,Mun,Pampanga,,,
Mabalacat,293244,83.18,3525.41,27,CC,Pampanga,,,
Macabebe,78151,105.16,743.16,25,Mun,Pampanga,,,
Magalang,124188,97.32,1276.08,27,Mun,Pampanga,,,
Masantol,57990,48.25,1201.87,26,Mun,Pampanga,,,
Mexico,173403,117.41,1476.9,43,Mun,Pampanga,,,
Minalin,48380,48.27,1002.28,15,Mun,Pampanga,,,
Porac,140751,314,448.25,29,Mun,Pampanga,,,
San Fernando,354666,67.74,5235.7,35,CC,Pampanga,,,
San Luis,58551,56.83,1030.28,17,Mun,Pampanga,,,
San Simon,59182,57.37,1031.58,14,Mun,Pampanga,,,
Santa Ana,61537,39.84,1544.6,14,Mun,Pampanga,,,
Santa Rita,48209,29.76,1619.93,10,Mun,Pampanga,,,
Santo Tomas,42846,21.3,2011.55,7,Mun,Pampanga,,,
Sasmuan,29076,91.8,316.73,12,Mun,Pampanga,,,
Agno,29947,169.75,176.42,17,Mun,Pangasinan,,,
Aguilar,45100,195.07,231.2,16,Mun,Pangasinan,,,
Alaminos,99397,164.26,605.12,39,CC,Pangasinan,,,
Alcala,48908,45.71,1069.96,16,Mun,Pangasinan,,,
Anda,41548,74.55,557.32,21,Mun,Pangasinan,,,
Asingan,57811,66.64,867.51,18,Mun,Pangasinan,,,
Balungao,30004,73.25,409.61,21,Mun,Pangasinan,,,
Bani,52603,179.65,292.81,27,Mun,Pangasinan,,,
Basista,37679,24,1569.96,13,Mun,Pangasinan,,,
Bautista,35398,46.33,764.04,18,Mun,Pangasinan,,,
Bayambang,129011,143.94,896.28,77,Mun,Pangasinan,,,
Binalonan,56382,47.57,1185.24,24,Mun,Pangasinan,,,
Binmaley,86881,118.5,733.17,33,Mun,Pangasinan,,,
Bolinao,83979,197.22,425.81,30,Mun,Pangasinan,,,
Bugallon,74962,189.64,395.29,24,Mun,Pangasinan,,,
Burgos,23749,131.32,180.85,14,Mun,Pangasinan,,,
Calasiao,100471,48.36,2077.56,24,Mun,Pangasinan,,,
Dagupan,174302,37.23,4681.76,31,ICC,Pangasinan,,,
Dasol,31355,166.6,188.21,18,Mun,Pangasinan,,,
Infanta,26242,254.29,103.2,13,Mun,Pangasinan,,,
Labrador,26811,90.99,294.66,10,Mun,Pangasinan,,,
Laoac,34128,40.5,842.67,22,Mun,Pangasinan,,,
Lingayen,107728,62.76,1716.51,32,Mun,Pangasinan,,,
Mabini,26454,291.01,90.9,16,Mun,Pangasinan,,,
Malasiqui,143094,131.37,1089.24,73,Mun,Pangasinan,,,
Manaoag,76045,55.95,1359.16,26,Mun,Pangasinan,,,
Mangaldan,113185,48.47,2335.16,30,Mun,Pangasinan,,,
Mangatarem,79323,317.5,249.84,82,Mun,Pangasinan,,,
Mapandan,38058,30,1268.6,15,Mun,Pangasinan,,,
Natividad,25771,134.36,191.81,18,Mun,Pangasinan,,,
Pozorrubio,74729,134.6,555.19,34,Mun,Pangasinan,,,
Rosales,66711,66.39,1004.84,37,Mun,Pangasinan,,,
San Carlos*,205424,169.03,1215.31,86,CC,Pangasinan,,,
San Fabian,87428,81.28,1075.64,34,Mun,Pangasinan,,,
San Jacinto,44351,44.18,1003.87,19,Mun,Pangasinan,,,
San Manuel,54271,129.18,420.12,14,Mun,Pangasinan,,,
San Nicolas,39778,210.2,189.24,33,Mun,Pangasinan,,,
San Quintin,33980,115.9,293.18,21,Mun,Pangasinan,,,
Santa Barbara,92187,61.37,1502.15,29,Mun,Pangasinan,,,
Santa Maria,34220,69.5,492.37,23,Mun,Pangasinan,,,
Santo Tomas,14878,12.99,1145.34,10,Mun,Pangasinan,,,
Sison,52320,81.88,638.98,28,Mun,Pangasinan,,,
Sual,39091,130.16,300.33,19,Mun,Pangasinan,,,
Tayug,45241,51.24,882.92,21,Mun,Pangasinan,,,
Umingan,77074,258.43,298.24,58,Mun,Pangasinan,,,
Urbiztondo,55557,81.8,679.18,21,Mun,Pangasinan,,,
Urdaneta,144577,100.26,1442.02,34,CC,Pangasinan,,,
Villasis,65047,75.83,857.8,21,Mun,Pangasinan,,,
Agdangan,12764,31.54,404.69,12,Mun,Quezon,,,
Alabat,15936,57.61,276.62,19,Mun,Quezon,,,
Atimonan,64260,239.66,268.13,42,Mun,Quezon,,,
Buenavista,31160,161.35,193.12,37,Mun,Quezon,,,
Burdeos,24644,199.82,123.33,13,Mun,Quezon,,,
Calauag,71809,324.71,221.15,81,Mun,Quezon,,,
Candelaria,137881,129.1,1068.02,25,Mun,Quezon,,,
Catanauan,72752,253.07,287.48,46,Mun,Quezon,,,
Dolores,32514,62.6,519.39,16,Mun,Quezon,,,
General Luna,24804,101.02,245.54,27,Mun,Quezon,,,
General Nakar,34225,1343.75,25.47,19,Mun,Quezon,,,
Guinayangan,44045,214.12,205.7,54,Mun,Quezon,,,
Gumaca,71942,189.65,379.34,59,Mun,Quezon,,,
Infanta,76186,342.76,222.27,36,Mun,Quezon,,,
Jomalig,7667,56.65,135.34,5,Mun,Quezon,,,
Lopez,94657,355.38,266.35,95,Mun,Quezon,,,
Lucban,53091,130.46,406.95,32,Mun,Quezon,,,
Lucena*,278924,80.21,3477.42,33,HUC,Quezon,,,
Macalelon,27312,124.05,220.17,30,Mun,Quezon,,,
Mauban,71081,415.98,170.88,40,Mun,Quezon,,,
Mulanay,55576,420,132.32,28,Mun,Quezon,,,
Padre Burgos,23488,69.1,339.91,22,Mun,Quezon,,,
Pagbilao,78700,170.96,460.34,27,Mun,Quezon,,,
Panukulan,16376,226.61,72.27,13,Mun,Quezon,,,
Patnanungan,15052,139.2,108.13,6,Mun,Quezon,,,
Perez,12767,57.46,222.19,14,Mun,Quezon,,,
Pitogo,22798,73.39,310.64,39,Mun,Quezon,,,
Plaridel,10129,35.05,288.99,9,Mun,Quezon,,,
Polillo,31908,253,126.12,20,Mun,Quezon,,,
Quezon,15886,71.22,223.06,24,Mun,Quezon,,,
Real,38678,563.89,68.59,17,Mun,Quezon,,,
Sampaloc,13629,104.78,130.07,14,Mun,Quezon,,,
San Andres,37454,60.99,614.1,7,Mun,Quezon,,,
San Antonio,35891,172.93,207.55,20,Mun,Quezon,,,
San Francisco,62097,303.96,204.29,16,Mun,Quezon,,,
San Narciso,51058,263.58,193.71,24,Mun,Quezon,,,
Sariaya,161868,212.16,762.95,43,Mun,Quezon,,,
Tagkawayan,54003,534.35,101.06,45,Mun,Quezon,,,
Tayabas,112658,230.95,487.8,66,CC,Quezon,,,
Tiaong,106265,168.38,631.1,31,Mun,Quezon,,,
Unisan,25448,124.15,204.98,36,Mun,Quezon,,,
Aglipay,30714,161.7,189.94,25,Mun,Quirino,,,
Cabarroguis,33533,260.2,128.87,17,Mun,Quirino,,,
Diffun*,56102,320.1,175.26,33,Mun,Quirino,,,
Maddela,40943,918.57,44.57,32,Mun,Quirino,,,
Nagtipunan,25399,1607.4,15.8,16,Mun,Quirino,,,
Saguday,17137,55.5,308.77,9,Mun,Quirino,,,
Angono,130494,26.22,4976.89,10,Mun,Rizal,,,
Antipolo*,887399,306.1,2899.05,16,CC,Rizal,,,
Baras,87637,84.93,1031.87,10,Mun,Rizal,,,
Binangonan,313631,66.34,4727.63,40,Mun,Rizal,,,
Cainta,376933,42.99,8767.92,7,Mun,Rizal,,,
Cardona,50143,28.56,1755.71,18,Mun,Rizal,,,
Jalajala,34017,44.12,771.01,11,Mun,Rizal,,,
Morong,71151,37.58,1893.32,8,Mun,Rizal,,,
Pililla,71535,69.95,1022.66,9,Mun,Rizal,,,
Rodriguez,443954,312.7,1419.74,11,Mun,Rizal,,,
San Mateo,273306,55.09,4961.08,15,Mun,Rizal,,,
Tanay,139420,200,697.1,20,Mun,Rizal,,,
Taytay,386451,38.8,9960.08,5,Mun,Rizal,,,
Teresa,64072,18.61,3442.88,9,Mun,Rizal,,,
Alcantara,17171,60.12,285.61,12,Mun,Romblon,,,
Banton,5737,32.48,176.63,17,Mun,Romblon,,,
Cajidiocan,23259,201.85,115.23,14,Mun,Romblon,,,
Calatrava,11342,86.7,130.82,7,Mun,Romblon,,,
Concepcion,3561,19.82,179.67,9,Mun,Romblon,,,
Corcuera,10112,28.53,354.43,15,Mun,Romblon,,,
Ferrol,8005,26.72,299.59,6,Mun,Romblon,,,
Looc,21799,132.82,164.12,12,Mun,Romblon,,,
Magdiwang,15385,100.75,152.7,9,Mun,Romblon,,,
Odiongan*,49284,185.67,265.44,25,Mun,Romblon,,,
Romblon,40554,86.87,466.84,31,Mun,Romblon,,,
San Agustin,24115,140.48,171.66,15,Mun,Romblon,,,
San Andres,15940,112,142.32,13,Mun,Romblon,,,
San Fernando,24171,196.87,122.78,12,Mun,Romblon,,,
San Jose,11759,22.05,533.29,5,Mun,Romblon,,,
Santa Fe,17802,63.52,280.26,11,Mun,Romblon,,,
Santa Maria,8989,36.2,248.31,6,Mun,Romblon,,,
Almagro,9273,51.36,180.55,23,Mun,Samar,,,
Basey,56685,513.01,110.49,51,Mun,Samar,,,
Calbayog*,186960,880.74,212.28,157,CC,Samar,,,
Calbiga,23310,283.7,82.16,41,Mun,Samar,,,
Catbalogan,106440,274.22,388.16,57,CC,Samar,,,
Daram,41608,140.26,296.65,58,Mun,Samar,,,
Gandara,35242,573.49,61.45,69,Mun,Samar,,,
Hinabangan,13693,460.08,29.76,21,Mun,Samar,,,
Jiabong,19205,67.7,283.68,34,Mun,Samar,,,
Marabut,17842,143.55,124.29,24,Mun,Samar,,,
Matuguinao,7364,172.51,42.69,20,Mun,Samar,,,
Motiong,15276,174.4,87.59,30,Mun,Samar,,,
Pagsanghan,7959,30,265.3,13,Mun,Samar,,,
Paranas,32374,556.12,58.21,44,Mun,Samar,,,
Pinabacdao,18136,183.06,99.07,24,Mun,Samar,,,
San Jorge,17579,241.2,72.88,41,Mun,Samar,,,
San Jose de Buan,7767,366.9,21.17,14,Mun,Samar,,,
San Sebastian,8704,39.07,222.78,14,Mun,Samar,,,
Santa Margarita,26816,129.12,207.68,36,Mun,Samar,,,
Santa Rita,42384,411.77,102.93,38,Mun,Samar,,,
Santo Nino,12519,29.53,423.94,13,Mun,Samar,,,
Tagapul-an,8805,28.7,306.79,14,Mun,Samar,,,
Talalora,7856,27.96,280.97,11,Mun,Samar,,,
Tarangnan,25713,132.49,194.08,41,Mun,Samar,,,
Villareal,27394,98.54,278,38,Mun,Samar,,,
Zumarraga,16279,38.55,422.28,25,Mun,Samar,,,
Alabel,88294,510.98,172.79,13,Mun,Sarangani,,,
Glan*,109547,610.3,179.5,31,Mun,Sarangani,,,
Kiamba,65774,328.68,200.12,19,Mun,Sarangani,,,
Maasim,64940,500.43,129.77,16,Mun,Sarangani,,,
Maitum,44185,290.66,152.02,19,Mun,Sarangani,,,
Malapatan,80741,609.28,132.52,12,Mun,Sarangani,,,
Malungon,105465,750.92,140.45,31,Mun,Sarangani,,,
Enrique Villanueva,6790,28.6,237.41,14,Mun,Siquijor,,,
Larena,14454,49.81,290.18,23,Mun,Siquijor,,,
Lazi,22488,70.64,318.35,18,Mun,Siquijor,,,
Maria,14385,53.37,269.53,22,Mun,Siquijor,,,
San Juan,16363,44.37,368.79,15,Mun,Siquijor,,,
Siquijor*,28915,90.7,318.8,42,Mun,Siquijor,,,
Barcelona,20987,61.18,343.04,25,Mun,Sorsogon,,,
Bulan,105190,196.96,534.07,63,Mun,Sorsogon,,,
Bulusan,23932,96.3,248.52,24,Mun,Sorsogon,,,
Casiguran,35602,87.13,408.61,25,Mun,Sorsogon,,,
Castilla,60635,186.2,325.64,34,Mun,Sorsogon,,,
Donsol,50281,156.2,321.9,51,Mun,Sorsogon,,,
Gubat,60294,134.51,448.25,42,Mun,Sorsogon,,,
Irosin,59267,149.87,395.46,28,Mun,Sorsogon,,,
Juban,35297,121.49,290.53,25,Mun,Sorsogon,,,
Magallanes,37411,150.09,249.26,34,Mun,Sorsogon,,,
Matnog,41989,162.4,258.55,40,Mun,Sorsogon,,,
Pilar,75793,248,305.62,49,Mun,Sorsogon,,,
Prieto Diaz,22644,49.07,461.46,23,Mun,Sorsogon,,,
Santa Magdalena,17096,43.5,393.01,14,Mun,Sorsogon,,,
Sorsogon City*,182237,276.11,660.02,64,CC,Sorsogon,,,
Banga,89164,240.35,370.98,22,Mun,South Cotabato,,,
General Santos*,697315,492.86,1414.83,26,HUC,South Cotabato,,,
Koronadal,195398,277,705.41,27,CC,South Cotabato,,,
Lake Sebu,81221,702,115.7,19,Mun,South Cotabato,,,
Norala,46682,123.2,378.91,14,Mun,South Cotabato,,,
Polomolok,172605,339.97,507.71,23,Mun,South Cotabato,,,
Santo Nino,39796,86.2,461.67,10,Mun,South Cotabato,,,
Surallah,89340,540.3,165.35,17,Mun,South Cotabato,,,
T'Boli,101049,895.83,112.8,25,Mun,South Cotabato,,,
Tampakan,41018,390,105.17,14,Mun,South Cotabato,,,
Tantangan,45744,113.1,404.46,13,Mun,South Cotabato,,,
Tupi,73459,228,322.19,15,Mun,South Cotabato,,,
Anahawan,8429,58.09,145.1,14,Mun,Southern Leyte,,,
Bontoc,29799,102.1,291.86,40,Mun,Southern Leyte,,,
Hinunangan,29149,170.58,170.88,40,Mun,Southern Leyte,,,
Hinundayan,12398,59.9,206.98,17,Mun,Southern Leyte,,,
Libagon,15244,98.62,154.57,14,Mun,Southern Leyte,,,
Liloan,24800,50.3,493.04,24,Mun,Southern Leyte,,,
Limasawa,6191,6.98,886.96,6,Mun,Southern Leyte,,,
Maasin*,87446,211.71,413.05,70,CC,Southern Leyte,,,
Macrohon,26580,126.39,210.3,30,Mun,Southern Leyte,,,
Malitbog,23256,74.97,310.2,37,Mun,Southern Leyte,,,
Padre Burgos,11159,25.65,435.05,11,Mun,Southern Leyte,,,
Pintuyan,10202,36.98,275.88,23,Mun,Southern Leyte,,,
Saint Bernard,28414,100.2,283.57,30,Mun,Southern Leyte,,,
San Francisco,13436,68.6,195.86,22,Mun,Southern Leyte,,,
San Juan,14912,96.12,155.14,18,Mun,Southern Leyte,,,
San Ricardo,10500,47.56,220.77,15,Mun,Southern Leyte,,,
Silago,13116,215.05,60.99,15,Mun,Southern Leyte,,,
Sogod,47552,192.7,246.77,45,Mun,Southern Leyte,,,
Tomas Oppus,16990,56.11,302.8,29,Mun,Southern Leyte,,,
Bagumbayan,68947,672.06,102.59,19,Mun,Sultan Kudarat,,,
Columbio,33527,926.15,36.2,16,Mun,Sultan Kudarat,,,
Esperanza,74696,324.29,230.34,19,Mun,Sultan Kudarat,,,
Isulan,97490,541.25,180.12,17,Mun,Sultan Kudarat,,,
Kalamansig,50900,699.2,72.8,15,Mun,Sultan Kudarat,,,
Lambayong,79739,226.88,351.46,26,Mun,Sultan Kudarat,,,
Lebak,91344,470.86,193.99,27,Mun,Sultan Kudarat,,,
Lutayan,65644,271,242.23,11,Mun,Sultan Kudarat,,,
Palimbang,92828,484.85,191.46,40,Mun,Sultan Kudarat,,,
President Quirino,42244,208.4,202.71,19,Mun,Sultan Kudarat,,,
Senator Ninoy Aquino,47374,320,148.04,20,Mun,Sultan Kudarat,,,
Tacurong*,109319,153.4,712.64,20,CC,Sultan Kudarat,,,
Banguingui,35616,352.59,101.01,14,Mun,Sulu,,,
Hadji Panglima Tahil,7906,67.9,116.44,5,Mun,Sulu,,,
Indanan,93168,170.72,545.74,34,Mun,Sulu,,,
Jolo*,137266,126.4,1085.97,8,Mun,Sulu,,,
Kalingalan Caluang,39549,166.5,237.53,9,Mun,Sulu,,,
Lugus,29043,133.04,218.3,17,Mun,Sulu,,,
Luuk,37873,313.04,120.98,12,Mun,Sulu,,,
Maimbung,59597,77.5,768.99,27,Mun,Sulu,,,
Omar,28070,180.98,155.1,8,Mun,Sulu,,,
Panamao,49849,107.57,463.41,31,Mun,Sulu,,,
Pandami,33177,170.89,194.14,16,Mun,Sulu,,,
Panglima Estino,34249,125.1,273.77,12,Mun,Sulu,,,
Pangutaran,36374,258.1,140.93,16,Mun,Sulu,,,
Parang,71495,258,277.11,40,Mun,Sulu,,,
Pata,24736,116.99,211.44,14,Mun,Sulu,,,
Patikul,79564,330.04,241.07,30,Mun,Sulu,,,
Siasi,81689,192.87,423.54,50,Mun,Sulu,,,
Talipao,100088,380.57,262.99,52,Mun,Sulu,,,
Tapul,20799,89.17,233.25,15,Mun,Sulu,,,
Alegria,16184,65.28,247.92,12,Mun,Surigao del Norte,,,
Bacuag,14881,95.85,155.25,9,Mun,Surigao del Norte,,,
Burgos,4185,19.27,217.18,6,Mun,Surigao del Norte,,,
Claver,36033,322.6,111.7,14,Mun,Surigao del Norte,,,
Dapa,29006,91.9,315.63,29,Mun,Surigao del Norte,,,
Del Carmen,20127,151.68,132.69,20,Mun,Surigao del Norte,,,
General Luna,22853,41.3,553.34,19,Mun,Surigao del Norte,,,
Gigaquit,21849,138.11,158.2,13,Mun,Surigao del Norte,,,
Mainit,28019,107.76,260.01,21,Mun,Surigao del Norte,,,
Malimono,18852,80.13,235.27,14,Mun,Surigao del Norte,,,
Pilar,10374,77.11,134.54,15,Mun,Surigao del Norte,,,
Placer,29616,61.29,483.21,20,Mun,Surigao del Norte,,,
San Benito,5663,45.63,124.11,6,Mun,Surigao del Norte,,,
San Francisco,15347,56.72,270.57,11,Mun,Surigao del Norte,,,
San Isidro,8519,42.03,202.69,12,Mun,Surigao del Norte,,,
Santa Monica,9423,39.19,240.44,11,Mun,Surigao del Norte,,,
Sison,14290,54.7,261.24,12,Mun,Surigao del Norte,,,
Socorro,25942,114.45,226.67,14,Mun,Surigao del Norte,,,
Surigao City*,171107,245.3,697.54,54,CC,Surigao del Norte,,,
Tagana-an,17323,77.29,224.13,14,Mun,Surigao del Norte,,,
Tubod,15043,45.34,331.78,9,Mun,Surigao del Norte,,,
Barobo,53146,242.5,219.16,21,Mun,Surigao del Sur,,,
Bayabas,8979,117.84,76.2,7,Mun,Surigao del Sur,,,
Bislig*,99290,331.8,299.25,24,CC,Surigao del Sur,,,
Cagwait,21747,214.1,101.57,11,Mun,Surigao del Sur,,,
Cantilan,34060,240.1,141.86,17,Mun,Surigao del Sur,,,
Carmen,11720,160.01,73.25,8,Mun,Surigao del Sur,,,
Carrascal,24586,265.8,92.5,14,Mun,Surigao del Sur,,,
Cortes,17924,127.08,141.05,12,Mun,Surigao del Sur,,,
Hinatuan,43841,299.1,146.58,24,Mun,Surigao del Sur,,,
Lanuza,13642,290.6,46.94,13,Mun,Surigao del Sur,,,
Lianga,33869,161.12,210.21,13,Mun,Surigao del Sur,,,
Lingig,35142,305.17,115.16,18,Mun,Surigao del Sur,,,
Madrid,16653,141.2,117.94,14,Mun,Surigao del Sur,,,
Marihatag,19441,312.5,62.21,12,Mun,Surigao del Sur,,,
San Agustin,22855,277.28,82.43,13,Mun,Surigao del Sur,,,
San Miguel,41809,558,74.93,18,Mun,Surigao del Sur,,,
Tagbina,41051,343.49,119.51,25,Mun,Surigao del Sur,,,
Tago,39831,253.28,157.26,24,Mun,Surigao del Sur,,,
Tandag,62669,291.73,214.82,21,CC,Surigao del Sur,,,
Anao,12208,23.87,511.44,18,Mun,Tarlac,,,
Bamban,78260,251.98,310.58,15,Mun,Tarlac,,,
Camiling,87319,140.53,621.35,61,Mun,Tarlac,,,
Capas,156056,376.39,414.61,20,Mun,Tarlac,,,
Concepcion,169953,242.99,699.42,45,Mun,Tarlac,,,
Gerona,94485,128.89,733.07,44,Mun,Tarlac,,,
La Paz,68952,114.33,603.1,21,Mun,Tarlac,,,
Mayantoc,32597,311.42,104.67,24,Mun,Tarlac,,,
Moncada,62819,85.75,732.58,37,Mun,Tarlac,,,
Paniqui,103003,105.16,979.49,35,Mun,Tarlac,,,
Pura,25781,31.01,831.38,16,Mun,Tarlac,,,
Ramos,22879,24.4,937.66,9,Mun,Tarlac,,,
San Clemente,13181,49.73,265.05,12,Mun,Tarlac,,,
San Jose,41182,592.81,69.47,13,Mun,Tarlac,,,
San Manuel,28387,42.1,674.28,15,Mun,Tarlac,,,
Santa Ignacia,51626,146.07,353.43,24,Mun,Tarlac,,,
Tarlac City*,385398,274.66,1403.18,76,CC,Tarlac,,,
Victoria,69370,111.51,622.1,26,Mun,Tarlac,,,
Bongao*,116118,365.95,317.31,35,Mun,Tawi-Tawi,,,
Languyan,37096,581.2,63.83,20,Mun,Tawi-Tawi,,,
Mapun,30038,181.29,165.69,15,Mun,Tawi-Tawi,,,
Panglima Sugala,48055,416.66,115.33,17,Mun,Tawi-Tawi,,,
Sapa-Sapa,33580,235.61,142.52,23,Mun,Tawi-Tawi,,,
Sibutu,34243,285.32,120.02,16,Mun,Tawi-Tawi,,,
Simunul,34245,167.25,204.75,15,Mun,Tawi-Tawi,,,
Sitangkai,37319,792,47.12,9,Mun,Tawi-Tawi,,,
South Ubian,29583,272.04,108.75,31,Mun,Tawi-Tawi,,,
Tandubas,34316,552.05,62.16,20,Mun,Tawi-Tawi,,,
Turtle Islands,5683,62.5,90.93,2,Mun,Tawi-Tawi,,,
Botolan,66739,735.28,90.77,31,Mun,Zambales,,,
Cabangan,28118,175.29,160.41,22,Mun,Zambales,,,
Candelaria,30263,333.59,90.72,16,Mun,Zambales,,,
Castillejos,67889,92.99,730.07,14,Mun,Zambales,,,
Iba,55581,153.38,362.37,14,Mun,Zambales,,,
Masinloc,54529,331.5,164.49,13,Mun,Zambales,,,
Olongapo*,260317,185,1407.12,17,HUC,Zambales,,,
Palauig,39784,310,128.34,19,Mun,Zambales,,,
San Antonio,37450,188.12,199.08,14,Mun,Zambales,,,
San Felipe,25033,111.6,224.31,11,Mun,Zambales,,,
San Marcelino,37719,416.86,90.48,18,Mun,Zambales,,,
San Narciso,30759,71.6,429.59,17,Mun,Zambales,,,
Santa Cruz,63839,438.46,145.6,25,Mun,Zambales,,,
Subic,111912,287.16,389.72,16,Mun,Zambales,,,
Baliguian,23771,439.26,54.12,17,Mun,Zamboanga del Norte,,,
Dapitan,85202,390.53,218.17,50,CC,Zamboanga del Norte,,,
Dipolog*,138141,241.13,572.89,21,CC,Zamboanga del Norte,,,
Godod,17510,190,92.16,17,Mun,Zamboanga del Norte,,,
Gutalac,36090,492.86,73.23,33,Mun,Zamboanga del Norte,,,
Jose Dalman,28881,135,213.93,18,Mun,Zamboanga del Norte,,,
Kalawit,23812,217.89,109.28,14,Mun,Zamboanga del Norte,,,
Katipunan,44661,244.12,182.95,30,Mun,Zamboanga del Norte,,,
La Libertad,8119,69.51,116.8,13,Mun,Zamboanga del Norte,,,
Labason,43934,169.58,259.08,20,Mun,Zamboanga del Norte,,,
Leon B. Postigo,27639,255.5,108.18,18,Mun,Zamboanga del Norte,,,
Liloy,42213,128.43,328.68,37,Mun,Zamboanga del Norte,,,
Manukan,36887,246.35,149.73,22,Mun,Zamboanga del Norte,,,
Mutia,11726,73.58,159.36,16,Mun,Zamboanga del Norte,,,
Pinan,20221,93.75,215.69,22,Mun,Zamboanga del Norte,,,
Polanco,42265,206.88,204.3,30,Mun,Zamboanga del Norte,,,
Rizal,15052,80.03,188.08,22,Mun,Zamboanga del Norte,,,
Roxas,39198,206.25,190.05,31,Mun,Zamboanga del Norte,,,
Salug,32134,206.6,155.54,23,Mun,Zamboanga del Norte,,,
Sergio Osmena,31942,556.44,57.4,39,Mun,Zamboanga del Norte,,,
Siayan,36236,494.75,73.24,22,Mun,Zamboanga del Norte,,,
Sibuco,36049,782.54,46.07,28,Mun,Zamboanga del Norte,,,
Sibutad,17453,65.57,266.17,16,Mun,Zamboanga del Norte,,,
Sindangan,103952,451,230.49,52,Mun,Zamboanga del Norte,,,
Siocon,48524,503.2,96.43,26,Mun,Zamboanga del Norte,,,
Sirawai,31163,222.5,140.06,34,Mun,Zamboanga del Norte,,,
Tampilisan,24680,137.75,179.17,20,Mun,Zamboanga del Norte,,,
Aurora,52995,180.95,292.87,44,Mun,Zamboanga del Sur,,,
Bayog,34519,356.4,96.85,28,Mun,Zamboanga del Sur,,,
Dimataling,31340,141.8,221.02,24,Mun,Zamboanga del Sur,,,
Dinas,36291,121.1,299.68,30,Mun,Zamboanga del Sur,,,
Dumalinao,32928,117.64,279.9,30,Mun,Zamboanga del Sur,,,
Dumingag,48881,297.75,164.17,44,Mun,Zamboanga del Sur,,,
Guipos,21738,90.53,240.12,17,Mun,Zamboanga del Sur,,,
Josefina,12205,56.35,216.59,14,Mun,Zamboanga del Sur,,,
Kumalarang,29479,151.49,194.59,18,Mun,Zamboanga del Sur,,,
Labangan,44262,157.9,280.32,25,Mun,Zamboanga del Sur,,,
Lakewood,21559,201.3,107.1,14,Mun,Zamboanga del Sur,,,
Lapuyan,27737,329,84.31,26,Mun,Zamboanga del Sur,,,
Mahayag,48258,194.9,247.6,29,Mun,Zamboanga del Sur,,,
Margosatubig,38660,111.69,346.14,17,Mun,Zamboanga del Sur,,,
Midsalip,33711,161.56,208.66,33,Mun,Zamboanga del Sur,,,
Molave,53140,251.5,211.29,25,Mun,Zamboanga del Sur,,,
Pagadian,210452,378.8,555.58,54,CC,Zamboanga del Sur,,,
Pitogo,27516,95.94,286.8,15,Mun,Zamboanga del Sur,,,
Ramon Magsaysay,27280,113.7,239.93,27,Mun,Zamboanga del Sur,,,
San Miguel,19838,181.59,109.25,18,Mun,Zamboanga del Sur,,,
San Pablo,26648,149.9,177.77,28,Mun,Zamboanga del Sur,,,
Sominot,19061,111.52,170.92,18,Mun,Zamboanga del Sur,,,
Tabina,25734,86.9,296.13,15,Mun,Zamboanga del Sur,,,
Tambulig,37480,130.65,286.87,31,Mun,Zamboanga del Sur,,,
Tigbao,21675,120.69,179.59,18,Mun,Zamboanga del Sur,,,
Tukuran,42429,144.91,292.8,25,Mun,Zamboanga del Sur,,,
Vincenzo A. Sagun,24852,63,394.48,14,Mun,Zamboanga del Sur,,,
Zamboanga City*,977234,,690.77,98,HUC,Zamboanga del Sur,,,
Alicia,39456,183.08,215.51,27,Mun,Zamboanga Sibugay,,,
Buug,38425,134.06,286.63,27,Mun,Zamboanga Sibugay,,,
Diplahan,32585,255.51,127.53,22,Mun,Zamboanga Sibugay,,,
Imelda,26020,255.51,101.84,18,Mun,Zamboanga Sibugay,,,
Ipil*,89401,241.6,370.04,28,Mun,Zamboanga Sibugay,,,
Kabasalan,46884,289.2,162.12,29,Mun,Zamboanga Sibugay,,,
Mabuhay,37390,82.85,451.3,18,Mun,Zamboanga Sibugay,,,
Malangas,32022,235.53,135.96,25,Mun,Zamboanga Sibugay,,,
Naga,41743,246.3,169.48,23,Mun,Zamboanga Sibugay,,,
Olutanga,38438,113.3,339.26,19,Mun,Zamboanga Sibugay,,,
Payao,34952,245.66,142.28,29,Mun,Zamboanga Sibugay,,,
Roseller Lim,43575,300,145.25,26,Mun,Zamboanga Sibugay,,,
Siay,40585,313.66,129.39,29,Mun,Zamboanga Sibugay,,,
Talusan,27873,58.16,479.25,14,Mun,Zamboanga Sibugay,,,
Titay,53994,350.44,154.07,30,Mun,Zamboanga Sibugay,,,
Tungawan,46497,473.28,98.24,25,Mun,Zamboanga Sibugay,,,
^ All land area figures were taken from the Philippine Statistics Authority[3] unless otherwise noted.,,,,,^ All land area figures were taken from the Philippine Statistics Authority[3] unless otherwise noted.,^ All land area figures were taken from the Philippine Statistics Authority[3] unless otherwise noted.,^ All land area figures were taken from the Philippine Statistics Authority[3] unless otherwise noted.,^ All land area figures were taken from the Philippine Statistics Authority[3] unless otherwise noted.,^ All land area figures were taken from the Philippine Statistics Authority[3] unless otherwise noted.
